{
    "AS_Segment_g9cde260521841d5a2e2ec22c93ffdd6": {
        "id": "AS_Segment_g9cde260521841d5a2e2ec22c93ffdd6",
        "type": "ACTION_SEQUENCE",
        "params": [{
            "datatype": "collection",
            "name": "eventobject"
        }, {
            "datatype": "number",
            "name": "sectionNumber"
        }, {
            "datatype": "number",
            "name": "rowNumber"
        }],
        "contextObj": {
            "name": "uwu51e643859104a63affe0998f9440b19",
            "type": "userwidgets",
            "KUID": "u51e643859104a63affe0998f9440b19"
        },
        "language": "js",
        "actions": [{
            "id": "ADD_SNIPPET__hd5295d58f564546b2193ce627a8d15f",
            "type": "ADD_SNIPPET",
            "codeSnippet": "this.productOnClick();",
            "parentId": null,
            "callbackType": null
        }]
    }
}