{
    "@class": "com.kony.gen.viz.model.component.KVizUserWidget",
    "DNDConfig": null,
    "__parentReadjusting__": false,
    "_children_": [],
    "_height_": {
        "type": "string",
        "value": "90%"
    },
    "_left_": {
        "type": "string",
        "value": "0%"
    },
    "_margin_": [
        0,
        0,
        0,
        0
    ],
    "_orientation_": 1,
    "_padding_": [
        0,
        0,
        0,
        0
    ],
    "_percent_": true,
    "_render_": true,
    "_skin_": "s9a2cfbb61094361b708430b40ebe7a8",
    "_top_": {
        "type": "string",
        "value": "10%"
    },
    "_width_": {
        "type": "string",
        "value": "100%"
    },
    "canUpdateUI": true,
    "clipbounds": true,
    "containerweight": 0,
    "data": {},
    "id": "smsMessage",
    "info": null,
    "isvisible": true,
    "kuid": "cabb3be5224f4080ba6a8e503cec289e",
    "layouttype": 2,
    "masterType": 1,
    "name": "kony.ui.UserWidgetInstance",
    "parent": "frmSwipeToDelete",
    "pf": "frmSwipeToDelete",
    "snaptogrid": true,
    "sourceUserWidget": "e904920eb20e4ae389b017e5990dce85",
    "wType": "UserWidgetInstance",
    "zindex": 1
}