{
    "DNDConfig": null,
    "__markedForDelete__": true,
    "__parentReadjusting__": false,
    "_height_": {
        "type": "string",
        "value": "90px"
    },
    "_left_": {
        "type": "string",
        "value": "3%"
    },
    "_margin_": [
        0,
        0,
        0,
        0
    ],
    "_orientation_": 6,
    "_padding_": [
        0,
        0,
        0,
        0
    ],
    "_percent_": true,
    "_skin_": "s6373b08261d46cc91e3e6d854a61f3c",
    "_top_": {
        "type": "string",
        "value": "45dp"
    },
    "_width_": {
        "type": "string",
        "value": "90px"
    },
    "allboxes": [],
    "autogrowmode": 0,
    "canUpdateUI": true,
    "centery": {
        "type": "string",
        "value": "50%"
    },
    "children": [
        "imgContact"
    ],
    "clipbounds": true,
    "containerId": true,
    "containerweight": 100,
    "enablescrolling": true,
    "id": "flxContactImg",
    "info": null,
    "isvisible": true,
    "kuid": "a0b753746cc940cf90e70a274084fd7b",
    "layouttype": 2,
    "name": "kony.ui.FlexContainer",
    "parent": "flxRowWrapper",
    "pf": "tempSmsMessage",
    "snapgridsize": 10,
    "snaptogrid": true,
    "wType": "FlexContainer",
    "widgetalignment": 1,
    "zindex": 1
}