{
    "DNDConfig": null,
    "__markedForDelete__": true,
    "__parentReadjusting__": false,
    "_height_": {
        "type": "string",
        "value": "100%"
    },
    "_left_": {
        "type": "string",
        "value": "0%"
    },
    "_margin_": [
        0,
        0,
        0,
        0
    ],
    "_orientation_": 6,
    "_padding_": [
        0,
        0,
        0,
        0
    ],
    "_percent_": true,
    "_skin_": "s9a2cfbb61094361b708430b40ebe7a8",
    "_width_": {
        "type": "string",
        "value": "14%"
    },
    "allboxes": [],
    "autogrowmode": 0,
    "canUpdateUI": true,
    "centery": {
        "type": "string",
        "value": "50%"
    },
    "children": [
        "imgMarkRead"
    ],
    "clipbounds": true,
    "containerId": true,
    "containerweight": 100,
    "enablescrolling": true,
    "id": "flxMarkRead",
    "ide_onClick": "AS_FlexContainer_b8f44d27d7874ae5bf7df47b15904bae",
    "info": null,
    "isvisible": true,
    "kuid": "h0ff108545fe4900be87d8822c2c8d20",
    "layouttype": 2,
    "name": "kony.ui.FlexContainer",
    "parent": "flxTempRowWrapper",
    "pf": "tempSmsMessage",
    "snapgridsize": 10,
    "snaptogrid": true,
    "wType": "FlexContainer",
    "widgetalignment": 1,
    "zindex": 1
}