{
    "DNDConfig": null,
    "__markedForDelete__": true,
    "__parentReadjusting__": false,
    "_height_": {
        "type": "string",
        "value": "100%"
    },
    "_left_": {
        "type": "string",
        "value": "0%"
    },
    "_margin_": [
        0,
        0,
        0,
        0
    ],
    "_orientation_": 6,
    "_padding_": [
        0,
        0,
        0,
        0
    ],
    "_percent_": true,
    "_skin_": "sd4c01c7fc9f438fa889cd0fa6c0a9c4",
    "_top_": {
        "type": "string",
        "value": "0%"
    },
    "_width_": {
        "type": "string",
        "value": "72%"
    },
    "allboxes": [],
    "autogrowmode": 0,
    "canUpdateUI": true,
    "children": [
        "flxContactImg",
        "lblContactName",
        "lblMessageText",
        "lblLastSeen",
        "imgArrow"
    ],
    "clipbounds": true,
    "containerId": true,
    "containerweight": 100,
    "enablescrolling": true,
    "id": "flxRowWrapper",
    "info": null,
    "isvisible": true,
    "kuid": "f2ada1590e6f4d929fb5e773ce7b90d2",
    "layouttype": 2,
    "name": "kony.ui.FlexContainer",
    "parent": "flxTempRowWrapper",
    "pf": "tempSmsMessage",
    "snapgridsize": 10,
    "snaptogrid": true,
    "wType": "FlexContainer",
    "widgetalignment": 1,
    "zindex": 40
}