{
    "DNDConfig": null,
    "_height_": {
        "type": "string",
        "value": "90dp"
    },
    "_margin_": [
        0,
        0,
        0,
        0
    ],
    "_orientation_": 6,
    "_padding_": [
        0,
        0,
        0,
        0
    ],
    "_percent_": true,
    "_skin_": "sd4c01c7fc9f438fa889cd0fa6c0a9c4",
    "allboxes": [],
    "autogrowmode": 0,
    "canUpdateUI": true,
    "children": [
        "flxTempRowWrapper"
    ],
    "clipbounds": true,
    "containerId": true,
    "containerweight": 100,
    "controllerInfo": {
        "default": {
            "channel": "mobile",
            "name": "flxSmsMessageController"
        }
    },
    "enablescrolling": true,
    "id": "flxSmsMessage",
    "info": null,
    "isTemplate": true,
    "isvisible": true,
    "kuid": "ba4a0235bbc04d368a6e3b32c486abff",
    "layouttype": 2,
    "name": "kony.ui.FlexContainer",
    "parent": "tempSmsMessage",
    "pf": "tempSmsMessage",
    "snapgridsize": 10,
    "snaptogrid": true,
    "wType": "FlexContainer",
    "widgetalignment": 1
}