{
    "@class": "com.kony.gen.viz.model.component.KVizImage2",
    "DNDConfig": null,
    "__markedForDelete__": true,
    "__parentReadjusting__": false,
    "_base64_": null,
    "_height_": {
        "type": "string",
        "value": "50px"
    },
    "_margin_": [
        0,
        0,
        0,
        0
    ],
    "_padding_": [
        0,
        0,
        0,
        0
    ],
    "_right_": {
        "type": "string",
        "value": "3%"
    },
    "_skin_": "s9499363aab64d1daebcb2686560f525",
    "_src_": "konymplistchevron.png",
    "_width_": {
        "type": "string",
        "value": "30px"
    },
    "canUpdateUI": true,
    "centery": {
        "type": "string",
        "value": "50%"
    },
    "containerId": true,
    "containerweight": 100,
    "context": {
        "channel": "mobile",
        "formID": "tempSmsMessage",
        "platform": "android",
        "templateType": "segments",
        "topLevelBox": null
    },
    "id": "imgArrow",
    "imagescalemode": 1,
    "info": null,
    "invokedProperty": "src",
    "isvisible": true,
    "kuid": "acdea6a24fbe4311a3246b305bda48e0",
    "name": "kony.ui.Image2",
    "parent": "flxRowWrapper",
    "pf": "tempSmsMessage",
    "srcType": 1,
    "wType": "Image",
    "widgetalignment": 5,
    "zindex": 1
}