{
  "android": {
    "font_name": "roboto.regular",
    "font_size": 120,
    "isForked": true,
    "text_shadow": {
      "br": 0,
      "color": "000000",
      "nm": 0,
      "x": 0,
      "y": 0
    }
  },
  "background_color": "00000000",
  "bg_type": "one",
  "border_color": "424242ff",
  "border_style": "plain",
  "border_type": 0,
  "border_width": 0,
  "desktopweb": {
    "font_name": "Helvetica",
    "font_size": 120,
    "isForked": true,
    "shadow": {
      "br": 0,
      "color": "343e48",
      "inner": false,
      "nm": 0,
      "x": 0,
      "y": 0
    },
    "text_shadow": {
      "br": 0,
      "color": "000000",
      "nm": 0,
      "x": 0,
      "y": 0
    }
  },
  "fontSizeInPx": false,
  "font_color": "343e48ff",
  "font_name": "Helvetica",
  "font_size": 170,
  "font_style": "normal",
  "font_weight": "normal",
  "ipad": {
    "font_name": "AmericanTypewriter",
    "font_size": 120,
    "isForked": true,
    "shadow": {
      "br": 0,
      "color": "343e48",
      "inner": false,
      "nm": 0,
      "x": 0,
      "y": 0
    },
    "text_shadow": {
      "br": 0,
      "color": "000000",
      "nm": 0,
      "x": 0,
      "y": 0
    }
  },
  "iphone": {
    "font_name": "SFUIText-Regular",
    "font_size": 120,
    "isForked": true,
    "shadow": {
      "br": 0,
      "color": "343e48",
      "inner": false,
      "nm": 0,
      "x": 0,
      "y": 0
    },
    "text_shadow": {
      "br": 0,
      "color": "000000",
      "nm": 0,
      "x": 0,
      "y": 0
    }
  },
  "isDefaultSkin": false,
  "kiosk": {
    "font_name": "FontAwesome",
    "font_size": 120,
    "isForked": true
  },
  "kuid": "s32df74118c14d00aebc3eb8217d0f9f",
  "spaan": {
    "font_name": "Helvetica",
    "font_size": 120,
    "isForked": true,
    "shadow": {
      "br": 0,
      "color": "343e48",
      "inner": false,
      "nm": 0,
      "x": 0,
      "y": 0
    },
    "text_shadow": {
      "br": 0,
      "color": "000000",
      "nm": 0,
      "x": 0,
      "y": 0
    }
  },
  "spaandroidtablet": {
    "font_name": "Helvetica",
    "font_size": 120,
    "isForked": true,
    "shadow": {
      "br": 0,
      "color": "343e48",
      "inner": false,
      "nm": 0,
      "x": 0,
      "y": 0
    },
    "text_shadow": {
      "br": 0,
      "color": "000000",
      "nm": 0,
      "x": 0,
      "y": 0
    }
  },
  "spabb": {
    "font_name": "Helvetica",
    "font_size": 120,
    "isForked": true,
    "shadow": {
      "br": 0,
      "color": "343e48",
      "inner": false,
      "nm": 0,
      "x": 0,
      "y": 0
    },
    "text_shadow": {
      "br": 0,
      "color": "000000",
      "nm": 0,
      "x": 0,
      "y": 0
    }
  },
  "spaip": {
    "font_name": "Helvetica",
    "font_size": 120,
    "isForked": true,
    "shadow": {
      "br": 0,
      "color": "343e48",
      "inner": false,
      "nm": 0,
      "x": 0,
      "y": 0
    },
    "text_shadow": {
      "br": 0,
      "color": "000000",
      "nm": 0,
      "x": 0,
      "y": 0
    }
  },
  "spaipad": {
    "font_name": "Helvetica",
    "font_size": 120,
    "isForked": true,
    "shadow": {
      "br": 0,
      "color": "343e48",
      "inner": false,
      "nm": 0,
      "x": 0,
      "y": 0
    },
    "text_shadow": {
      "br": 0,
      "color": "000000",
      "nm": 0,
      "x": 0,
      "y": 0
    }
  },
  "spawindowstablet": {
    "font_name": "Helvetica",
    "font_size": 120,
    "isForked": true,
    "shadow": {
      "br": 0,
      "color": "343e48",
      "inner": false,
      "nm": 0,
      "x": 0,
      "y": 0
    },
    "text_shadow": {
      "br": 0,
      "color": "000000",
      "nm": 0,
      "x": 0,
      "y": 0
    }
  },
  "spawinphone8": {
    "font_name": "Helvetica",
    "font_size": 120,
    "isForked": true,
    "shadow": {
      "br": 0,
      "color": "343e48",
      "inner": false,
      "nm": 0,
      "x": 0,
      "y": 0
    },
    "text_shadow": {
      "br": 0,
      "color": "000000",
      "nm": 0,
      "x": 0,
      "y": 0
    }
  },
  "tabrcandroid": {
    "font_name": "Helvetica",
    "font_size": 120,
    "isForked": true,
    "text_shadow": {
      "br": 0,
      "color": "000000",
      "nm": 0,
      "x": 0,
      "y": 0
    }
  },
  "wType": "Label",
  "watchos": {
    "font_name": "Helvetica",
    "font_size": 120,
    "isForked": true
  },
  "windows8": {
    "font_name": "FontAwesome",
    "font_size": 120,
    "isForked": true
  },
  "winphone8": {
    "font_name": "FontAwesome",
    "font_size": 120,
    "isForked": true
  }
}