{
    "@class": "com.kony.gen.viz.model.container.KVizSegment2",
    "DNDConfig": null,
    "__parentReadjusting__": false,
    "_bounces_": false,
    "_data_": [
        {},
        {},
        {}
    ],
    "_height_": {
        "type": "string",
        "value": "100%"
    },
    "_indicator_": "none",
    "_left_": {
        "type": "string",
        "value": "0%"
    },
    "_margin_": [
        0,
        0,
        0,
        0
    ],
    "_orientation_": 2,
    "_padding_": [
        0,
        0,
        0,
        0
    ],
    "_top_": {
        "type": "string",
        "value": "0%"
    },
    "_width_": {
        "type": "string",
        "value": "100%"
    },
    "autogrowmode": 0,
    "canUpdateUI": true,
    "containerweight": 100,
    "counter": "08",
    "focusedindex": null,
    "focuseditem": null,
    "groupcells": false,
    "hasSections": false,
    "hiddencolumns": {
        "curnt_view": "text"
    },
    "id": "segMessagesList",
    "info": null,
    "ipad": {
        "psp": {
            "indicator": "rowselect"
        }
    },
    "iphone": {
        "psp": {
            "bounces": false,
            "indicator": "none",
            "showProgressIndicator": false
        }
    },
    "isvisible": true,
    "kuid": "d04df990b928495d928da723577d76d4",
    "masterdata": {},
    "mobile": {
        "_data_": [
            {
                "curnt_view": {
                    "text": "1"
                },
                "imgArrow": {
                    "@class": "com.viz.ide.model.segment.ImageSegmentData",
                    "src": "konymplistchevron.png"
                },
                "imgContact": {
                    "@class": "com.viz.ide.model.segment.ImageSegmentData",
                    "src": "konymp_user_image_1.png"
                },
                "imgDelRow": {
                    "@class": "com.viz.ide.model.segment.ImageSegmentData",
                    "src": "del_full_trans.png"
                },
                "imgMarkRead": {
                    "@class": "com.viz.ide.model.segment.ImageSegmentData",
                    "src": "mark_read_trans.png"
                },
                "lblContactName": {
                    "@class": "com.viz.ide.model.segment.SimpleTextSegmentData",
                    "text": "Wayne Stanley"
                },
                "lblLastSeen": {
                    "@class": "com.viz.ide.model.segment.SimpleTextSegmentData",
                    "text": "2 days ago"
                },
                "lblMessageText": {
                    "@class": "com.viz.ide.model.segment.SimpleTextSegmentData",
                    "text": "I am back, after few days of vacating with family. Weather is so good"
                }
            },
            {
                "curnt_view": {
                    "text": "1"
                },
                "imgArrow": {
                    "@class": "com.viz.ide.model.segment.ImageSegmentData",
                    "src": "konymplistchevron.png"
                },
                "imgContact": {
                    "@class": "com.viz.ide.model.segment.ImageSegmentData",
                    "src": "konymp_user_image_2.png"
                },
                "imgDelRow": {
                    "@class": "com.viz.ide.model.segment.ImageSegmentData",
                    "src": "del_full_trans.png"
                },
                "imgMarkRead": {
                    "@class": "com.viz.ide.model.segment.ImageSegmentData",
                    "src": "mark_read_trans.png"
                },
                "lblContactName": {
                    "@class": "com.viz.ide.model.segment.SimpleTextSegmentData",
                    "text": "Logan Hall"
                },
                "lblLastSeen": {
                    "@class": "com.viz.ide.model.segment.SimpleTextSegmentData",
                    "text": "2 days ago"
                },
                "lblMessageText": {
                    "@class": "com.viz.ide.model.segment.SimpleTextSegmentData",
                    "text": "Here, I focus on a range of items and features we use in life"
                }
            },
            {
                "curnt_view": {
                    "text": "1"
                },
                "imgArrow": {
                    "@class": "com.viz.ide.model.segment.ImageSegmentData",
                    "src": "konymplistchevron.png"
                },
                "imgContact": {
                    "@class": "com.viz.ide.model.segment.ImageSegmentData",
                    "src": "konymp_user_image_3.png"
                },
                "imgDelRow": {
                    "@class": "com.viz.ide.model.segment.ImageSegmentData",
                    "src": "del_full_trans.png"
                },
                "imgMarkRead": {
                    "@class": "com.viz.ide.model.segment.ImageSegmentData",
                    "src": "mark_read_trans.png"
                },
                "lblContactName": {
                    "@class": "com.viz.ide.model.segment.SimpleTextSegmentData",
                    "text": "Verna Porter"
                },
                "lblLastSeen": {
                    "@class": "com.viz.ide.model.segment.SimpleTextSegmentData",
                    "text": "2 days ago"
                },
                "lblMessageText": {
                    "@class": "com.viz.ide.model.segment.SimpleTextSegmentData",
                    "text": "Photographs are a way of preserving a moment in our lives"
                }
            },
            {
                "curnt_view": {
                    "text": "1"
                },
                "imgArrow": {
                    "@class": "com.viz.ide.model.segment.ImageSegmentData",
                    "src": "konymplistchevron.png"
                },
                "imgContact": {
                    "@class": "com.viz.ide.model.segment.ImageSegmentData",
                    "src": "konymp_user_image_4.png"
                },
                "imgDelRow": {
                    "@class": "com.viz.ide.model.segment.ImageSegmentData",
                    "src": "del_full_trans.png"
                },
                "imgMarkRead": {
                    "@class": "com.viz.ide.model.segment.ImageSegmentData",
                    "src": "mark_read_trans.png"
                },
                "lblContactName": {
                    "@class": "com.viz.ide.model.segment.SimpleTextSegmentData",
                    "text": "Lina Robbins"
                },
                "lblLastSeen": {
                    "@class": "com.viz.ide.model.segment.SimpleTextSegmentData",
                    "text": "2 days ago"
                },
                "lblMessageText": {
                    "@class": "com.viz.ide.model.segment.SimpleTextSegmentData",
                    "text": "Having used discount toner cartridges for twenty years, there are not"
                }
            },
            {
                "curnt_view": {
                    "text": "1"
                },
                "imgArrow": {
                    "@class": "com.viz.ide.model.segment.ImageSegmentData",
                    "src": "konymplistchevron.png"
                },
                "imgContact": {
                    "@class": "com.viz.ide.model.segment.ImageSegmentData",
                    "src": "konymp_user_image_5.png"
                },
                "imgDelRow": {
                    "@class": "com.viz.ide.model.segment.ImageSegmentData",
                    "src": "del_full_trans.png"
                },
                "imgMarkRead": {
                    "@class": "com.viz.ide.model.segment.ImageSegmentData",
                    "src": "mark_read_trans.png"
                },
                "lblContactName": {
                    "@class": "com.viz.ide.model.segment.SimpleTextSegmentData",
                    "text": "Glenn Cook"
                },
                "lblLastSeen": {
                    "@class": "com.viz.ide.model.segment.SimpleTextSegmentData",
                    "text": "Yesterday"
                },
                "lblMessageText": {
                    "@class": "com.viz.ide.model.segment.SimpleTextSegmentData",
                    "text": "All the rumors have finally died down and many skeptics have raised"
                }
            },
            {
                "curnt_view": {
                    "text": "1"
                },
                "imgArrow": {
                    "@class": "com.viz.ide.model.segment.ImageSegmentData",
                    "src": "konymplistchevron.png"
                },
                "imgContact": {
                    "@class": "com.viz.ide.model.segment.ImageSegmentData",
                    "src": "konymp_user_image_1.png"
                },
                "imgDelRow": {
                    "@class": "com.viz.ide.model.segment.ImageSegmentData",
                    "src": "del_full_trans.png"
                },
                "imgMarkRead": {
                    "@class": "com.viz.ide.model.segment.ImageSegmentData",
                    "src": "mark_read_trans.png"
                },
                "lblContactName": {
                    "@class": "com.viz.ide.model.segment.SimpleTextSegmentData",
                    "text": "Maggie Hall"
                },
                "lblLastSeen": {
                    "@class": "com.viz.ide.model.segment.SimpleTextSegmentData",
                    "text": "Yesterday"
                },
                "lblMessageText": {
                    "@class": "com.viz.ide.model.segment.SimpleTextSegmentData",
                    "text": "With easy access to Broadband and DSL the number of people"
                }
            },
            {
                "curnt_view": {
                    "text": "1"
                },
                "imgArrow": {
                    "@class": "com.viz.ide.model.segment.ImageSegmentData",
                    "src": "konymplistchevron.png"
                },
                "imgContact": {
                    "@class": "com.viz.ide.model.segment.ImageSegmentData",
                    "src": "konymp_user_image_2.png"
                },
                "imgDelRow": {
                    "@class": "com.viz.ide.model.segment.ImageSegmentData",
                    "src": "del_full_trans.png"
                },
                "imgMarkRead": {
                    "@class": "com.viz.ide.model.segment.ImageSegmentData",
                    "src": "mark_read_trans.png"
                },
                "lblContactName": {
                    "@class": "com.viz.ide.model.segment.SimpleTextSegmentData",
                    "text": "Oscar Oslon"
                },
                "lblLastSeen": {
                    "@class": "com.viz.ide.model.segment.SimpleTextSegmentData",
                    "text": "Yesterday"
                },
                "lblMessageText": {
                    "@class": "com.viz.ide.model.segment.SimpleTextSegmentData",
                    "text": "Photographs are a way of preserving a moment in our lives"
                }
            },
            {
                "curnt_view": {
                    "text": "1"
                },
                "imgArrow": {
                    "@class": "com.viz.ide.model.segment.ImageSegmentData",
                    "src": "konymplistchevron.png"
                },
                "imgContact": {
                    "@class": "com.viz.ide.model.segment.ImageSegmentData",
                    "src": "konymp_user_image_3.png"
                },
                "imgDelRow": {
                    "@class": "com.viz.ide.model.segment.ImageSegmentData",
                    "src": "del_full_trans.png"
                },
                "imgMarkRead": {
                    "@class": "com.viz.ide.model.segment.ImageSegmentData",
                    "src": "mark_read_trans.png"
                },
                "lblContactName": {
                    "@class": "com.viz.ide.model.segment.SimpleTextSegmentData",
                    "text": "Lina Robbins"
                },
                "lblLastSeen": {
                    "@class": "com.viz.ide.model.segment.SimpleTextSegmentData",
                    "text": "Yesterday"
                },
                "lblMessageText": {
                    "@class": "com.viz.ide.model.segment.SimpleTextSegmentData",
                    "text": "Having used discount toner cartridges for twenty years, there are not"
                }
            },
            {
                "curnt_view": {
                    "text": "1"
                },
                "imgArrow": {
                    "@class": "com.viz.ide.model.segment.ImageSegmentData",
                    "src": "konymplistchevron.png"
                },
                "imgContact": {
                    "@class": "com.viz.ide.model.segment.ImageSegmentData",
                    "src": "konymp_user_image_4.png"
                },
                "imgDelRow": {
                    "@class": "com.viz.ide.model.segment.ImageSegmentData",
                    "src": "del_full_trans.png"
                },
                "imgMarkRead": {
                    "@class": "com.viz.ide.model.segment.ImageSegmentData",
                    "src": "mark_read_trans.png"
                },
                "lblContactName": {
                    "@class": "com.viz.ide.model.segment.SimpleTextSegmentData",
                    "text": "Abhishek Singh"
                },
                "lblLastSeen": {
                    "@class": "com.viz.ide.model.segment.SimpleTextSegmentData",
                    "text": "Yesterday"
                },
                "lblMessageText": {
                    "@class": "com.viz.ide.model.segment.SimpleTextSegmentData",
                    "text": "Pain may sometimes be the reason"
                }
            }
        ],
        "rowTemplateId": "hb3a7a5b8527456d8489cc394b3d391e",
        "rowtemplate": "flxSmsMessage",
        "widgetdatamap": {
            "flxContactImg": "flxContactImg",
            "flxDelRow": "flxDelRow",
            "flxMarkRead": "flxMarkRead",
            "flxRowWrapper": "flxRowWrapper",
            "flxSmsMessage": "flxSmsMessage",
            "flxTempRowWrapper": "flxTempRowWrapper",
            "imgArrow": "imgArrow",
            "imgContact": "imgContact",
            "imgDelRow": "imgDelRow",
            "imgMarkRead": "imgMarkRead",
            "lblContactName": "lblContactName",
            "lblLastSeen": "lblLastSeen",
            "lblMessageText": "lblMessageText"
        }
    },
    "name": "kony.ui.SegmentedUI2",
    "needpageindicator": true,
    "pageoffdotimage": "pageoffdot.png",
    "pageondotimage": "pageondot.png",
    "paginationconfig": {
        "position": "bottom"
    },
    "parent": "smsMessage",
    "pf": "userwidgetmodel",
    "retainselection": false,
    "rowcounter": 8,
    "rowfocusskin": null,
    "rowskin": "sae225df84c54aa889b4c89152b10a9f",
    "rowtemplate": "flxSmsMessage",
    "screenlevelwidget": false,
    "seccounter": 0,
    "sectionheaderskin": "scff7a9efe5a4878be3c0f5b53dafc49",
    "selectedRows": null,
    "selectedState": false,
    "selectedindex": null,
    "selectedindices": null,
    "selecteditems": null,
    "selectedsectionindex": 0,
    "selectionbehavior": "default",
    "separatorcolor": "64646400",
    "separatorrequired": true,
    "separatorthickness": 1,
    "showprogressindicator": false,
    "showscrollbars": false,
    "viewtype": "tableview",
    "wType": "Segment",
    "widgetalignment": 5,
    "widgetdatamap": {
        "flxContactImg": "flxContactImg",
        "flxDelRow": "flxDelRow",
        "flxMarkRead": "flxMarkRead",
        "flxRowWrapper": "flxRowWrapper",
        "flxSmsMessage": "flxSmsMessage",
        "flxTempRowWrapper": "flxTempRowWrapper",
        "imgArrow": "imgArrow",
        "imgContact": "imgContact",
        "imgDelRow": "imgDelRow",
        "imgMarkRead": "imgMarkRead",
        "lblContactName": "lblContactName",
        "lblLastSeen": "lblLastSeen",
        "lblMessageText": "lblMessageText"
    },
    "zindex": 1
}