{
    "AS_FlexContainer_g9ae00071531481296886c507f28e56b": {
        "id": "AS_FlexContainer_g9ae00071531481296886c507f28e56b",
        "type": "ACTION_SEQUENCE",
        "params": [{
            "datatype": "collection",
            "name": "eventobject"
        }],
        "language": "js",
        "actions": [{
            "id": "NAVIGATE_TO_FORM__ide_onClick_dd48eedc57c84e638ec4fac65a2cfb6e",
            "type": "NAVIGATE_TO_FORM",
            "formId": "frmLanding",
            "formKUID": "b6c07b8bb72046eca70d7da263e458c9",
            "mappings": {},
            "mappingsOrder": [],
            "parentId": "",
            "callbackType": null,
            "enableMappingEditor": true
        }]
    }
}