{
    "AS_FlexContainer_a360298e5f6941f9b5a55c408457b516": {
        "id": "AS_FlexContainer_a360298e5f6941f9b5a55c408457b516",
        "type": "ACTION_SEQUENCE",
        "params": [{
            "datatype": "collection",
            "name": "eventobject"
        }],
        "contextObj": {
            "name": "Form0fb74eb41742d42",
            "type": "forms",
            "platform": null,
            "KUID": "ed15661ec9bb406d88251ea1e9494c85"
        },
        "language": "js",
        "actions": []
    }
}