{
    "DNDConfig": null,
    "_height_": {
        "type": "string",
        "value": "15%"
    },
    "_margin_": [
        0,
        0,
        0,
        0
    ],
    "_orientation_": 6,
    "_padding_": [
        0,
        0,
        0,
        0
    ],
    "_percent_": true,
    "_skin_": "s9a2cfbb61094361b708430b40ebe7a8",
    "allboxes": [],
    "autogrowmode": 0,
    "canUpdateUI": true,
    "children": [
        "flxFeatureContainer"
    ],
    "clipbounds": true,
    "containerId": true,
    "containerweight": 100,
    "controllerInfo": {
        "default": {
            "channel": "mobile",
            "name": "flxFeatureListController"
        }
    },
    "enablescrolling": true,
    "id": "flxFeatureList",
    "info": null,
    "isTemplate": true,
    "isvisible": true,
    "kuid": "f1ea226c25434467a17da4d82c4f207c",
    "layouttype": 2,
    "name": "kony.ui.FlexContainer",
    "parent": "tempFeatureList",
    "pf": "tempFeatureList",
    "snapgridsize": 10,
    "snaptogrid": true,
    "wType": "FlexContainer",
    "widgetalignment": 1
}