{
    "DNDConfig": null,
    "__parentReadjusting__": false,
    "_height_": {
        "type": "string",
        "value": "80%"
    },
    "_margin_": [
        0,
        0,
        0,
        0
    ],
    "_orientation_": 6,
    "_padding_": [
        0,
        0,
        0,
        0
    ],
    "_percent_": true,
    "_skin_": "s3b11c5d83ae499aab33ed881fa3f456",
    "_width_": {
        "type": "string",
        "value": "92%"
    },
    "allboxes": [],
    "autogrowmode": 0,
    "canUpdateUI": true,
    "centerx": {
        "type": "string",
        "value": "50%"
    },
    "centery": {
        "type": "string",
        "value": "50%"
    },
    "children": [
        "lblFeature"
    ],
    "clipbounds": true,
    "containerId": true,
    "containerweight": 100,
    "enablescrolling": true,
    "focusskin": "s22bcc408f1a4574814e3cc71b140713",
    "id": "flxFeatureContainer",
    "info": null,
    "isvisible": true,
    "kuid": "cc5d6ec044414c168ea17870254faa5d",
    "layouttype": 2,
    "name": "kony.ui.FlexContainer",
    "parent": "flxFeatureList",
    "pf": "tempFeatureList",
    "snapgridsize": 10,
    "snaptogrid": true,
    "wType": "FlexContainer",
    "widgetalignment": 1,
    "zindex": 15
}