{
    "@class": "com.kony.gen.viz.model.component.KVizButton",
    "DNDConfig": null,
    "__parentReadjusting__": false,
    "_height_": {
        "type": "string",
        "value": "45%"
    },
    "_left_": {
        "type": "string",
        "value": "5%"
    },
    "_margin_": [
        6,
        6,
        6,
        6
    ],
    "_padding_": [
        0,
        0,
        0,
        0
    ],
    "_skin_": "sac7fbbf3cc24542924caf5fc4ceaf45",
    "_text_": "",
    "_width_": {
        "type": "string",
        "value": "5%"
    },
    "canUpdateUI": true,
    "centery": {
        "type": "string",
        "value": "50%"
    },
    "containerweight": 100,
    "contentalignment": 5,
    "displaytext": true,
    "focusskin": "s77f11ad0f2d4e26a1c08b07da1939fe",
    "id": "btnClearSearch",
    "ide_onClick": "AS_Button_d84cbc5d342c457d82d342537ceb908f",
    "info": null,
    "iscustomlayout": false,
    "isvisible": true,
    "kuid": "jcf825c6a58341c48f2fd4fa276724e1",
    "name": "kony.ui.Button",
    "parent": "flxSearchContainer",
    "pf": "frmSearhSegment",
    "retaincontentalignment": false,
    "retainflexpositionproperties": false,
    "wType": "Button",
    "zindex": 1
}