{
    "@class": "com.kony.gen.viz.model.component.KVizButton",
    "DNDConfig": null,
    "__parentReadjusting__": false,
    "_height_": {
        "type": "string",
        "value": "45%"
    },
    "_left_": {
        "type": "string",
        "value": "5%"
    },
    "_margin_": [
        6,
        6,
        6,
        6
    ],
    "_padding_": [
        0,
        0,
        0,
        0
    ],
    "_skin_": "s67c7b7f94c2485faf5534d979ce93e3",
    "_text_": "",
    "_width_": {
        "type": "string",
        "value": "5%"
    },
    "canUpdateUI": true,
    "centery": {
        "type": "string",
        "value": "50%"
    },
    "containerweight": 100,
    "contentalignment": 5,
    "displaytext": true,
    "focusskin": "s69eb84ec0ff4a91bb062e85f9c8abb8",
    "id": "btnSearch",
    "ide_onClick": "AS_Button_a5f473cfacf449a6a75d71c8a7a724ab",
    "info": null,
    "iscustomlayout": false,
    "isvisible": true,
    "kuid": "caff38da367a467390616352cf1a0667",
    "name": "kony.ui.Button",
    "parent": "flxSearchContainer",
    "pf": "frmSearhSegment",
    "retaincontentalignment": false,
    "retainflexpositionproperties": false,
    "wType": "Button",
    "zindex": 1
}