<properties>
    <attributes name="appidkey" value="SegmentFeatures"/>
    <attributes name="mwaddrkey" value="10.10.33.56"/>
    <attributes name="iospopuptransitioncorrection" value="true"/>
    <attributes name="isNewAppWithRespectToAndroidPackageName" value="true"/>
    <attributes name="iphonebundleversionkey" value="1.0"/>
    <attributes name="iosrespectimagesizecorrection" value="true"/>
    <attributes name="ioscheckboxcorrection" value="true"/>
    <attributes name="apppackagekey" value="com.orgname.SegmentFeatures"/>
    <attributes name="winmangotiletitlekey" value="SegmentFeatures"/>
    <attributes name="andtargetsdkkey" value="4.0"/>
    <attributes name="win8displaynamekey" value="SegmentFeatures"/>
    <attributes name="android_allowselfsignedcertificates" value="None"/>
    <attributes name="iphonebundleidentifierkey" value="com.kony.SegmentFeatures"/>
    <attributes name="appnamekey" value="SegmentFeatures"/>
    <attributes name="currentgaversion" value="7.3.0.GA_v201704051416"/>
    <attributes name="appversionkey" value="1.0.0"/>
    <attributes name="project.type" value="js"/>
    <attributes name="sessionmanager" value="Http Session Manager"/>
    <attributes name="vendornamekey" value="KonyLabs"/>
    <attributes name="appversioncode" value="1"/>
    <attributes name="createdgaversion" value="7.3.0"/>
    <attributes name="isDpScaleFactor" value="true"/>
    <attributes name="iostextboxpaddingcorrection" value="true"/>
    <attributes name="win6xj2meonlysupported" value="false"/>
    <attributes name="wp10displayname" value="SegmentFeatures"/>
    <attributes name="referenceWidth" value="375"/>
    <attributes name="build" value="debug"/>
    <attributes name="studiovizproject" value="true"/>
    <attributes name="marginsincludedinwidgetcontainerweight" value="true"/>
    <attributes name="mwportkey" value="80"/>
    <attributes name="mwhttpsportkey" value="443"/>
    <attributes name="APPLICATION_THEME" value="default"/>
    <attributes name="SELECTED_THEME" value="default"/>
    <attributes name="lastmodifiedtime" value="0"/>
    <attributes name="Server side mobile web" value="false"/>
    <attributes name="androidenablejsbindings" value="false"/>
    <attributes name="cloud_url" value="http://kh2183.kitspl.com:8117/admin"/>
    <attributes name="cloud_env_name" value="KonyAccount-localDev"/>
    <attributes name="cloud_env_GUID" value="1ff0825e-a6e4-4a24-85f4-eae473edf9b2"/>
    <attributes name="cloud_account_id" value="100000002"/>
    <attributes name="cloud_account_guid" value="31425e7e-e8b7-44bf-9734-63d3aeaf1cf4"/>
</properties>