{"appidkey":"SegmentFeatures","mwaddrkey":"","projectCloudGuid":"48019e89-fa4b-4d50-ad00-93d0d3c5b356","export.type":"studioviz","isNewAppWithRespectToAndroidPackageName":"","accountCloudGuid":"699fffa6-b10d-4426-bdad-cfd74e265ce5","defaulttheme":"defaultTheme","apppackagekey":"","appaddrkey":"","nativeContainerProperties":{"isEnableJSContainerAndroid":false,"isModified":false,"isEnableJSContaineriOS":false,"isEnableJSContainer":false},"appnamekey":"SegmentFeatures","currentgaversion":"7.3.0","appversionkey":"1.0.0","mfappguid":{"31425e7e-e8b7-44bf-9734-63d3aeaf1cf4":"041e8b6b-d2cf-4020-a513-9307d0674593"},"project.type":"js","startupformkey":"frmLanding","vendornamekey":"KonyLabs","createdgaversion":"7.3.0","konyVizVersion":"7.3.0","isDpScaleFactor":true,"isMVC":true,"prototype":{"PublishMode":"public","resourceId":"cf3a9dd4-d920-4b2c-a954-2542bbd3811a","createdBy":"Hajimalung Baba","shareGuid":"LU5SG","createdOn":"2017-12-19T04:35:43.814Z","createdById":"8b8abb05-9933-4928-8ad3-967c96598584"},"referenceWidth":"375","desktopstartupformkey":"","winmobileguidkey":"","APPLICATION_THEME":"default","build":"debug","mastersProperties":{"mastersVersion":"2.0.0"},"appmenu":{"tablet":{"data":[{"windows8":{"appBarButtonStyle":"No Style","position":"BOTTOM_LEFT"},"android":{"showAsFlag":0},"kuid":"b9d83cee1b7a43fca538eccbbe6cbc9d","icon":{"default":"option1.png"},"id":"appmenuitemid1","title":"Item 1"},{"windows8":{"appBarButtonStyle":"No Style","position":"BOTTOM_LEFT"},"android":{"showAsFlag":0},"kuid":"aa193ad9e2c84d1ea1d29423d2a80b2e","icon":{"default":"option2.png"},"id":"appmenuitemid2","title":"Item 2"},{"windows8":{"appBarButtonStyle":"No Style","position":"BOTTOM_LEFT"},"android":{"showAsFlag":0},"kuid":"h23c9cd1bca343e1b71f23bf8c41fa1a","icon":{"default":"option3.png"},"id":"appmenuitemid3","title":"Item 3"},{"windows8":{"appBarButtonStyle":"No Style","position":"BOTTOM_LEFT"},"android":{"showAsFlag":0},"kuid":"cc8131cacb4642fb87edc6600cf08783","icon":{"default":"option4.png"},"id":"appmenuitemid4","title":"Item 4"}]},"desktop":{"data":[{"kuid":"jab883c20ebc467e996b459595afdd65","icon":{"default":"option1.png"},"id":"appmenuitemid1","title":"Item 1"},{"kuid":"b57979cf930a41dd8f67f1f55aa45ef6","icon":{"default":"option2.png"},"id":"appmenuitemid2","title":"Item 2"},{"kuid":"ib709901027a4df0a3b654c86924539c","icon":{"default":"option3.png"},"id":"appmenuitemid3","title":"Item 3"},{"kuid":"e198b2e3cab745ed86a204e71c6bf733","icon":{"default":"option4.png"},"id":"appmenuitemid4","title":"Item 4"}]},"focusskin":null,"osVersion":"iOS7","wType":"Appmenu","focusSkin":null,"mobile":{"data":[{"kuid":"hf0b65167fe7452eb5064f13e4740b22","android":{"showAsFlag":0},"icon":{"default":"option1.png"},"id":"appmenuitemid1","title":"Item 1"},{"kuid":"c937723d04714dda8fd3caa3ffb023cc","android":{"showAsFlag":0},"icon":{"default":"option2.png"},"id":"appmenuitemid2","title":"Item 2"},{"kuid":"f79966ece72a4e6c8ecdec2acce27768","android":{"showAsFlag":0},"icon":{"default":"option3.png"},"id":"appmenuitemid3","title":"Item 3"},{"kuid":"e2b37391e82b414f95073bd3faadf5b8","android":{"showAsFlag":0},"icon":{"default":"option4.png"},"id":"appmenuitemid4","title":"Item 4"}]},"skin":null,"osPlatform":""},"project_version":"sprint27","mwportkey":"","category":"app","createdVizVersion":"7.3.0","mwhttpsportkey":""}