{
    "@class": "com.kony.gen.viz.model.component.KVizLabel",
    "DNDConfig": null,
    "__markedForDelete__": true,
    "__parentReadjusting__": false,
    "_height_": {
        "type": "string",
        "value": "42%"
    },
    "_left_": {
        "type": "string",
        "value": "17.50%"
    },
    "_margin_": [
        1,
        1,
        1,
        1
    ],
    "_padding_": [
        0,
        0,
        0,
        0
    ],
    "_skin_": "sa2719301700415dbcd71a1d458556ca",
    "_text_": "Loreum ipsum dollar Loreum ipsum dollar Loreum ipsum dollar Loreum ...",
    "_top_": {
        "type": "string",
        "value": "47%"
    },
    "_width_": {
        "type": "string",
        "value": "65%"
    },
    "_wrapping_": 2,
    "android": {
        "textStyle": {
            "letterSpacing": 0,
            "strikeThrough": false
        }
    },
    "canUpdateUI": true,
    "containerId": true,
    "containerweight": 100,
    "contentalignment": 4,
    "id": "lblMessageText",
    "info": null,
    "ipad": {
        "psp": {
            "wrapping": 2
        }
    },
    "iphone": {
        "psp": {
            "wrapping": 2
        }
    },
    "isvisible": true,
    "kuid": "b9ad936b10924bcab948cf0876658f20",
    "name": "kony.ui.Label",
    "parent": "flxRowWrapper",
    "pf": "tempSmsBkp",
    "tooltip": "",
    "wType": "Label",
    "zindex": 1
}