{
    "classname": "smsMessage",
    "definitions": {
        "apis": {
            "custom": [
                {
                    "group": "General",
                    "kuid": "e7deb8efe0e642468bb4e23763e01a21",
                    "paramList": [],
                    "propertyKey": "reFreshWithRowAnim",
                    "pw": {
                        "displayName": "reFreshWithRowAnim",
                        "uiRepresentation": "Label-Label-Button-Button"
                    },
                    "srcWgtKUID": "e904920eb20e4ae389b017e5990dce85",
                    "type": "event"
                },
                {
                    "group": "General",
                    "kuid": "f57ff0e72dae4d04aa12dae4f82c674b",
                    "paramList": [
                        {
                            "name": "keyString"
                        }
                    ],
                    "propertyKey": "searchForKey",
                    "pw": {
                        "displayName": "searchForKey",
                        "uiRepresentation": "Label-Label-Button-Button"
                    },
                    "srcWgtKUID": "e904920eb20e4ae389b017e5990dce85",
                    "type": "event"
                },
                {
                    "group": "General",
                    "kuid": "a6cb58af97b44b79b47a7524c71c4ae4",
                    "paramList": [],
                    "propertyKey": "clearSearch",
                    "pw": {
                        "displayName": "clearSearch",
                        "uiRepresentation": "Label-Label-Button-Button"
                    },
                    "srcWgtKUID": "e904920eb20e4ae389b017e5990dce85",
                    "type": "event"
                }
            ],
            "passthrough": []
        },
        "events": {
            "custom": [],
            "passthrough": []
        },
        "groups": {
            "apis": [
                "General"
            ],
            "events": [],
            "properties": [],
            "widgets": []
        },
        "properties": {
            "custom": [],
            "passthrough": []
        },
        "widgets": {
            "expose": [],
            "passthrough": []
        }
    },
    "namespace": "com.samples",
    "version": "1.0.0"
}