{
    "AS_Button_d84cbc5d342c457d82d342537ceb908f": {
        "id": "AS_Button_d84cbc5d342c457d82d342537ceb908f",
        "type": "ACTION_SEQUENCE",
        "params": [{
            "datatype": "collection",
            "name": "eventobject"
        }],
        "contextObj": {
            "name": "frmSearhSegment",
            "type": "forms",
            "platform": null,
            "KUID": "edcbbadb2e8b408e9fda9f0ab5ad4281"
        },
        "language": "js",
        "actions": [{
            "id": "ADD_SNIPPET_ide_onClick_ia9181e747324cc3bc2efe08911e6d43",
            "type": "ADD_SNIPPET",
            "codeSnippet": "this.clearSearch();",
            "callbackType": null
        }]
    }
}