{
    "AS_Button_a5f473cfacf449a6a75d71c8a7a724ab": {
        "id": "AS_Button_a5f473cfacf449a6a75d71c8a7a724ab",
        "type": "ACTION_SEQUENCE",
        "params": [{
            "datatype": "collection",
            "name": "eventobject"
        }],
        "contextObj": {
            "name": "frmSearhSegment",
            "type": "forms",
            "platform": null,
            "KUID": "edcbbadb2e8b408e9fda9f0ab5ad4281"
        },
        "language": "js",
        "actions": [{
            "id": "ADD_SNIPPET__c0d58b2b5d4442c88d9fc0f8cc33d003",
            "type": "ADD_SNIPPET",
            "codeSnippet": "this.searchforString(this.view.txtSearchString.text);",
            "parentId": null,
            "callbackType": null
        }]
    }
}