{
    "AS_FlexContainer_hee0e46c0ceb40ed8ce18624746fa6af": {
        "id": "AS_FlexContainer_hee0e46c0ceb40ed8ce18624746fa6af",
        "type": "ACTION_SEQUENCE",
        "params": [{
            "datatype": "collection",
            "name": "eventobject"
        }],
        "language": "js",
        "actions": [{
            "id": "NAVIGATE_TO_FORM__ide_onClick_f64e9dddf5a748c2a44b17f64cbb9c4f",
            "type": "NAVIGATE_TO_FORM",
            "formId": "frmLanding",
            "formKUID": "b6c07b8bb72046eca70d7da263e458c9",
            "mappings": {},
            "mappingsOrder": [],
            "parentId": "",
            "callbackType": null,
            "enableMappingEditor": true,
            "package": "",
            "navigationObj": "{\n\"_meta_\" : {\n\t\"eventName\" : \"onClick\",\n\t\"widgetId\" : \"flxBack\"\n}\n}",
            "isCustomInput": false
        }]
    }
}