{
    "AS_Form_f754dccb54d243e887c45cc0ffd2b228": {
        "id": "AS_Form_f754dccb54d243e887c45cc0ffd2b228",
        "type": "ACTION_SEQUENCE",
        "params": [{
            "datatype": "collection",
            "name": "eventobject"
        }],
        "contextObj": {
            "name": "frmSearhSegment",
            "type": "forms",
            "platform": null,
            "KUID": "edcbbadb2e8b408e9fda9f0ab5ad4281"
        },
        "language": "js",
        "actions": [{
            "id": "ADD_SNIPPET_ide_postShow_ec9c67e2e8ce495596d3a8e7893e3918",
            "type": "ADD_SNIPPET",
            "codeSnippet": "this.fromRowAnimationPostShow();",
            "callbackType": null
        }]
    }
}