{
    "AS_FlexContainer_bfd19470d3044dcea4a8c3242fe087ba": {
        "id": "AS_FlexContainer_bfd19470d3044dcea4a8c3242fe087ba",
        "type": "ACTION_SEQUENCE",
        "params": [{
            "datatype": "collection",
            "name": "eventobject"
        }],
        "contextObj": {
            "name": "frmExpandCollapse",
            "type": "forms",
            "platform": null,
            "KUID": "g25cacb76ed349f484513471d62c6098"
        },
        "language": "js",
        "actions": [{
            "id": "NAVIGATE_TO_FORM___ea3abd5182f54acf80456b64a5e477fe",
            "type": "NAVIGATE_TO_FORM",
            "formId": "frmLanding",
            "formKUID": "b6c07b8bb72046eca70d7da263e458c9",
            "mappings": {},
            "mappingsOrder": [],
            "parentId": "",
            "callbackType": null,
            "enableMappingEditor": true,
            "package": "",
            "navigationObj": "{\n\"_meta_\" : {\n\t\"eventName\" : \"\",\n\t\"widgetId\" : \"\"\n}\n}",
            "isCustomInput": false
        }]
    }
}