{
    "AS_FlexContainer_ic9540b5ed1d414a95580dd807e835f6": {
        "id": "AS_FlexContainer_ic9540b5ed1d414a95580dd807e835f6",
        "type": "ACTION_SEQUENCE",
        "params": [{
            "datatype": "collection",
            "name": "eventobject"
        }],
        "language": "js",
        "actions": [{
            "id": "NAVIGATE_TO_FORM__ide_onClick_j56c08dac30547cb99314cdf48d08685",
            "type": "NAVIGATE_TO_FORM",
            "formId": "frmLanding",
            "formKUID": "b6c07b8bb72046eca70d7da263e458c9",
            "mappings": {},
            "mappingsOrder": [],
            "parentId": "",
            "callbackType": null,
            "enableMappingEditor": true,
            "package": "",
            "navigationObj": "{\n\"_meta_\" : {\n\t\"eventName\" : \"onClick\",\n\t\"widgetId\" : \"flxBack\"\n}\n}",
            "isCustomInput": false
        }]
    }
}