{
    "AS_FlexContainer_h623a49e06224201a4592ead0154e721": {
        "id": "AS_FlexContainer_h623a49e06224201a4592ead0154e721",
        "type": "ACTION_SEQUENCE",
        "params": [{
            "datatype": "collection",
            "name": "eventobject"
        }],
        "contextObj": {
            "name": "frmSearhSegment",
            "type": "forms",
            "platform": null,
            "KUID": "edcbbadb2e8b408e9fda9f0ab5ad4281"
        },
        "language": "js",
        "actions": [{
            "id": "NAVIGATE_TO_FORM__ide_onClick_cef86ee2932d4112b07113e66272641a",
            "type": "NAVIGATE_TO_FORM",
            "formId": "frmLanding",
            "formKUID": "b6c07b8bb72046eca70d7da263e458c9",
            "mappings": {},
            "mappingsOrder": [],
            "parentId": "",
            "callbackType": null,
            "enableMappingEditor": true,
            "package": "",
            "navigationObj": "{\n\"_meta_\" : {\n\t\"eventName\" : \"onClick\",\n\t\"widgetId\" : \"flxBack\"\n}\n}",
            "isCustomInput": false
        }]
    }
}