{
    "APPLICATION_THEME": "default",
    "SELECTED_THEME": "default",
    "Server side mobile web": "false",
    "accountCloudGuid": "699fffa6-b10d-4426-bdad-cfd74e265ce5",
    "android_allowselfsignedcertificates": "None",
    "androidenablejsbindings": "false",
    "andtargetsdkkey": "4.0",
    "appaddrkey": "",
    "appidkey": "SegmentFeatures",
    "appmenu": {
        "desktop": {
            "data": [
                {
                    "icon": {
                        "default": "option1.png"
                    },
                    "id": "appmenuitemid1",
                    "kuid": "jab883c20ebc467e996b459595afdd65",
                    "title": "Item 1"
                },
                {
                    "icon": {
                        "default": "option2.png"
                    },
                    "id": "appmenuitemid2",
                    "kuid": "b57979cf930a41dd8f67f1f55aa45ef6",
                    "title": "Item 2"
                },
                {
                    "icon": {
                        "default": "option3.png"
                    },
                    "id": "appmenuitemid3",
                    "kuid": "ib709901027a4df0a3b654c86924539c",
                    "title": "Item 3"
                },
                {
                    "icon": {
                        "default": "option4.png"
                    },
                    "id": "appmenuitemid4",
                    "kuid": "e198b2e3cab745ed86a204e71c6bf733",
                    "title": "Item 4"
                }
            ]
        },
        "focusSkin": null,
        "focusskin": null,
        "mobile": {
            "data": [
                {
                    "android": {
                        "showAsFlag": 0
                    },
                    "icon": {
                        "default": "option1.png"
                    },
                    "id": "appmenuitemid1",
                    "kuid": "hf0b65167fe7452eb5064f13e4740b22",
                    "title": "Item 1"
                },
                {
                    "android": {
                        "showAsFlag": 0
                    },
                    "icon": {
                        "default": "option2.png"
                    },
                    "id": "appmenuitemid2",
                    "kuid": "c937723d04714dda8fd3caa3ffb023cc",
                    "title": "Item 2"
                },
                {
                    "android": {
                        "showAsFlag": 0
                    },
                    "icon": {
                        "default": "option3.png"
                    },
                    "id": "appmenuitemid3",
                    "kuid": "f79966ece72a4e6c8ecdec2acce27768",
                    "title": "Item 3"
                },
                {
                    "android": {
                        "showAsFlag": 0
                    },
                    "icon": {
                        "default": "option4.png"
                    },
                    "id": "appmenuitemid4",
                    "kuid": "e2b37391e82b414f95073bd3faadf5b8",
                    "title": "Item 4"
                }
            ]
        },
        "osPlatform": "",
        "osVersion": "iOS7",
        "skin": null,
        "tablet": {
            "data": [
                {
                    "android": {
                        "showAsFlag": 0
                    },
                    "icon": {
                        "default": "option1.png"
                    },
                    "id": "appmenuitemid1",
                    "kuid": "b9d83cee1b7a43fca538eccbbe6cbc9d",
                    "title": "Item 1",
                    "windows8": {
                        "appBarButtonStyle": "No Style",
                        "position": "BOTTOM_LEFT"
                    }
                },
                {
                    "android": {
                        "showAsFlag": 0
                    },
                    "icon": {
                        "default": "option2.png"
                    },
                    "id": "appmenuitemid2",
                    "kuid": "aa193ad9e2c84d1ea1d29423d2a80b2e",
                    "title": "Item 2",
                    "windows8": {
                        "appBarButtonStyle": "No Style",
                        "position": "BOTTOM_LEFT"
                    }
                },
                {
                    "android": {
                        "showAsFlag": 0
                    },
                    "icon": {
                        "default": "option3.png"
                    },
                    "id": "appmenuitemid3",
                    "kuid": "h23c9cd1bca343e1b71f23bf8c41fa1a",
                    "title": "Item 3",
                    "windows8": {
                        "appBarButtonStyle": "No Style",
                        "position": "BOTTOM_LEFT"
                    }
                },
                {
                    "android": {
                        "showAsFlag": 0
                    },
                    "icon": {
                        "default": "option4.png"
                    },
                    "id": "appmenuitemid4",
                    "kuid": "cc8131cacb4642fb87edc6600cf08783",
                    "title": "Item 4",
                    "windows8": {
                        "appBarButtonStyle": "No Style",
                        "position": "BOTTOM_LEFT"
                    }
                }
            ]
        },
        "wType": "Appmenu"
    },
    "appnamekey": "SegmentFeatures",
    "apppackagekey": "com.orgname.SegmentFeatures",
    "appversioncode": "1",
    "appversionkey": "1.0.0",
    "build": "debug",
    "category": "app",
    "cloud_account_guid": "e8dc8d0b-57b4-4f29-93fa-be0207757778",
    "cloud_account_id": "100000239",
    "cloud_env_GUID": "d1c27723-b76c-4029-8132-f33d9c8d77a8",
    "cloud_env_name": "My Account-PROD",
    "cloud_url": "https://vivekiyer1.konycloud.com",
    "createdVizVersion": "7.3.0",
    "createdgaversion": "7.3.0",
    "currentgaversion": "8.4.14",
    "defaulttheme": "defaultTheme",
    "desktopstartupformkey": "",
    "ioscheckboxcorrection": "true",
    "iospopuptransitioncorrection": "true",
    "iosrespectimagesizecorrection": "true",
    "iostextboxpaddingcorrection": "true",
    "iphonebundleidentifierkey": "com.kony.SegmentFeatures",
    "iphonebundleversionkey": "1.0",
    "isDeveloperMode": "true",
    "isDpScaleFactor": true,
    "isI18nConfigEnabled": false,
    "isMVC": true,
    "isNewAppWithRespectToAndroidPackageName": "",
    "kfAppInfo": {
        "31425e7e-e8b7-44bf-9734-63d3aeaf1cf4": {
            "baseId": "041e8b6b-d2cf-4020-a513-9307d0674593",
            "id": "041e8b6b-d2cf-4020-a513-9307d0674593",
            "version": "1.0"
        }
    },
    "konyVizVersion": "8.4.14",
    "lastmodifiedtime": "0",
    "marginsincludedinwidgetcontainerweight": "true",
    "mastersProperties": {
        "mastersVersion": "2.0.0"
    },
    "mwaddrkey": "",
    "mwhttpsportkey": "",
    "mwportkey": "",
    "nativeContainerProperties": {
        "isEnableJSContainer": true,
        "isEnableJSContainerAndroid": true,
        "isEnableJSContaineriOS": true,
        "isModified": true
    },
    "permissions": {
        "android": {
            "ACCESS_CHECKIN_PROPERTIES": "false",
            "ACCESS_COARSE_LOCATION": "false",
            "ACCESS_FINE_LOCATION": "false",
            "ACCESS_LOCATION_EXTRA_COMMANDS": "false",
            "ACCESS_MOCK_LOCATION": "false",
            "ACCESS_NETWORK_STATE": "true",
            "ACCESS_SURFACE_FLINGER": "false",
            "ACCESS_WIFI_STATE": "false",
            "ACCOUNT_MANAGER": "false",
            "AUTHENTICATE_ACCOUNTS": "false",
            "BATTERY_STATS": "false",
            "BIND_APPWIDGET": "false",
            "BIND_DEVICE_ADMIN": "false",
            "BIND_INPUT_METHOD": "false",
            "BIND_REMOTEVIEWS": "false",
            "BIND_WALLPAPER": "false",
            "BLUETOOTH": "false",
            "BLUETOOTH_ADMIN": "false",
            "BRICK": "false",
            "BROADCAST_PACKAGE_REMOVED": "false",
            "BROADCAST_SMS": "false",
            "BROADCAST_STICKY": "false",
            "BROADCAST_WAP_PUSH": "false",
            "CALL_PHONE": "false",
            "CALL_PRIVILEGED": "false",
            "CAMERA": "false",
            "CHANGE_COMPONENT_ENABLED_STATE": "false",
            "CHANGE_CONFIGURATION": "false",
            "CHANGE_NETWORK_STATE": "false",
            "CHANGE_WIFI_MULTICAST_STATE": "false",
            "CHANGE_WIFI_STATE": "false",
            "CLEAR_APP_CACHE": "false",
            "CLEAR_APP_USER_DATA": "false",
            "CONTROL_LOCATION_UPDATES": "false",
            "DELETE_CACHE_FILES": "false",
            "DELETE_PACKAGES": "false",
            "DEVICE_POWER": "false",
            "DIAGNOSTIC": "false",
            "DISABLE_KEYGUARD": "false",
            "DUMP": "false",
            "EXPAND_STATUS_BAR": "false",
            "FACTORY_TEST": "false",
            "FLASHLIGHT": "false",
            "FORCE_BACK": "false",
            "GET_ACCOUNTS": "false",
            "GET_PACKAGE_SIZE": "false",
            "GET_TASKS": "false",
            "GLOBAL_SEARCH": "false",
            "HARDWARE_TEST": "false",
            "INJECT_EVENTS": "false",
            "INSTALL_LOCATION_PROVIDER": "false",
            "INSTALL_PACKAGES": "false",
            "INTERNAL_SYSTEM_WINDOW": "false",
            "INTERNET": "true",
            "KILL_BACKGROUND_PROCESSES": "false",
            "MANAGE_ACCOUNTS": "false",
            "MANAGE_APP_TOKENS": "false",
            "MASTER_CLEAR": "false",
            "MODIFY_AUDIO_SETTINGS": "false",
            "MODIFY_PHONE_STATE": "false",
            "MOUNT_FORMAT_FILESYSTEMS": "false",
            "MOUNT_UNMOUNT_FILESYSTEMS": "false",
            "NFC": "false",
            "PERSISTENT_ACTIVITY": "false",
            "PROCESS_OUTGOING_CALLS": "false",
            "READ_CALENDAR": "false",
            "READ_CONTACTS": "false",
            "READ_FRAME_BUFFER": "false",
            "READ_HISTORY_BOOKMARKS": "false",
            "READ_INPUT_STATE": "false",
            "READ_LOGS": "false",
            "READ_PHONE_STATE": "true",
            "READ_SMS": "false",
            "READ_SYNC_SETTINGS": "false",
            "READ_SYNC_STATS": "false",
            "REBOOT": "false",
            "RECEIVE_BOOT_COMPLETED": "false",
            "RECEIVE_MMS": "false",
            "RECEIVE_SMS": "false",
            "RECEIVE_WAP_PUSH": "false",
            "RECORD_AUDIO": "false",
            "REORDER_TASKS": "false",
            "RESTART_PACKAGES": "false",
            "SEND_SMS": "false",
            "SET_ACTIVITY_WATCHER": "false",
            "SET_ALARM": "false",
            "SET_ALWAYS_FINISH": "false",
            "SET_ANIMATION_SCALE": "false",
            "SET_DEBUG_APP": "false",
            "SET_ORIENTATION": "false",
            "SET_PREFERRED_APPLICATIONS": "false",
            "SET_PROCESS_LIMIT": "false",
            "SET_TIME": "false",
            "SET_TIME_ZONE": "false",
            "SET_WALLPAPER": "false",
            "SET_WALLPAPER_HINTS": "false",
            "SIGNAL_PERSISTENT_PROCESSES": "false",
            "STATUS_BAR": "false",
            "SUBSCRIBED_FEEDS_READ": "false",
            "SUBSCRIBED_FEEDS_WRITE": "false",
            "SYSTEM_ALERT_WINDOW": "false",
            "UPDATE_DEVICE_STATS": "false",
            "USE_CREDENTIALS": "false",
            "USE_FINGERPRINT": "false",
            "USE_SIP": "false",
            "VIBRATE": "false",
            "WAKE_LOCK": "false",
            "WRITE_APN_SETTINGS": "false",
            "WRITE_CALENDAR": "false",
            "WRITE_CONTACTS": "false",
            "WRITE_EXTERNAL_STORAGE": "false",
            "WRITE_GSERVICES": "false",
            "WRITE_HISTORY_BOOKMARKS": "false",
            "WRITE_SECURE_SETTINGS": "false",
            "WRITE_SETTINGS": "false",
            "WRITE_SMS": "false",
            "WRITE_SYNC_SETTINGS": "false"
        },
        "androidwear": {
            "ACCESS_CHECKIN_PROPERTIES": "false",
            "ACCESS_COARSE_LOCATION": "false",
            "ACCESS_FINE_LOCATION": "false",
            "ACCESS_LOCATION_EXTRA_COMMANDS": "false",
            "ACCESS_MOCK_LOCATION": "false",
            "ACCESS_NETWORK_STATE": "true",
            "ACCESS_SURFACE_FLINGER": "false",
            "ACCESS_WIFI_STATE": "false",
            "ACCOUNT_MANAGER": "false",
            "AUTHENTICATE_ACCOUNTS": "false",
            "BATTERY_STATS": "false",
            "BIND_APPWIDGET": "false",
            "BIND_DEVICE_ADMIN": "false",
            "BIND_INPUT_METHOD": "false",
            "BIND_REMOTEVIEWS": "false",
            "BIND_WALLPAPER": "false",
            "BLUETOOTH": "false",
            "BLUETOOTH_ADMIN": "false",
            "BRICK": "false",
            "BROADCAST_PACKAGE_REMOVED": "false",
            "BROADCAST_SMS": "false",
            "BROADCAST_STICKY": "false",
            "BROADCAST_WAP_PUSH": "false",
            "CALL_PHONE": "false",
            "CALL_PRIVILEGED": "false",
            "CAMERA": "false",
            "CHANGE_COMPONENT_ENABLED_STATE": "false",
            "CHANGE_CONFIGURATION": "false",
            "CHANGE_NETWORK_STATE": "false",
            "CHANGE_WIFI_MULTICAST_STATE": "false",
            "CHANGE_WIFI_STATE": "false",
            "CLEAR_APP_CACHE": "false",
            "CLEAR_APP_USER_DATA": "false",
            "CONTROL_LOCATION_UPDATES": "false",
            "DELETE_CACHE_FILES": "false",
            "DELETE_PACKAGES": "false",
            "DEVICE_POWER": "false",
            "DIAGNOSTIC": "false",
            "DISABLE_KEYGUARD": "false",
            "DUMP": "false",
            "EXPAND_STATUS_BAR": "false",
            "FACTORY_TEST": "false",
            "FLASHLIGHT": "false",
            "FORCE_BACK": "false",
            "GET_ACCOUNTS": "false",
            "GET_PACKAGE_SIZE": "false",
            "GET_TASKS": "false",
            "GLOBAL_SEARCH": "false",
            "HARDWARE_TEST": "false",
            "INJECT_EVENTS": "false",
            "INSTALL_LOCATION_PROVIDER": "false",
            "INSTALL_PACKAGES": "false",
            "INTERNAL_SYSTEM_WINDOW": "false",
            "INTERNET": "true",
            "KILL_BACKGROUND_PROCESSES": "false",
            "MANAGE_ACCOUNTS": "false",
            "MANAGE_APP_TOKENS": "false",
            "MASTER_CLEAR": "false",
            "MODIFY_AUDIO_SETTINGS": "false",
            "MODIFY_PHONE_STATE": "false",
            "MOUNT_FORMAT_FILESYSTEMS": "false",
            "MOUNT_UNMOUNT_FILESYSTEMS": "false",
            "NFC": "false",
            "PERSISTENT_ACTIVITY": "false",
            "PROCESS_OUTGOING_CALLS": "false",
            "READ_CALENDAR": "false",
            "READ_CONTACTS": "false",
            "READ_FRAME_BUFFER": "false",
            "READ_HISTORY_BOOKMARKS": "false",
            "READ_INPUT_STATE": "false",
            "READ_LOGS": "false",
            "READ_PHONE_STATE": "true",
            "READ_SMS": "false",
            "READ_SYNC_SETTINGS": "false",
            "READ_SYNC_STATS": "false",
            "REBOOT": "false",
            "RECEIVE_BOOT_COMPLETED": "false",
            "RECEIVE_MMS": "false",
            "RECEIVE_SMS": "false",
            "RECEIVE_WAP_PUSH": "false",
            "RECORD_AUDIO": "false",
            "REORDER_TASKS": "false",
            "RESTART_PACKAGES": "false",
            "SEND_SMS": "false",
            "SET_ACTIVITY_WATCHER": "false",
            "SET_ALARM": "false",
            "SET_ALWAYS_FINISH": "false",
            "SET_ANIMATION_SCALE": "false",
            "SET_DEBUG_APP": "false",
            "SET_ORIENTATION": "false",
            "SET_PREFERRED_APPLICATIONS": "false",
            "SET_PROCESS_LIMIT": "false",
            "SET_TIME": "false",
            "SET_TIME_ZONE": "false",
            "SET_WALLPAPER": "false",
            "SET_WALLPAPER_HINTS": "false",
            "SIGNAL_PERSISTENT_PROCESSES": "false",
            "STATUS_BAR": "false",
            "SUBSCRIBED_FEEDS_READ": "false",
            "SUBSCRIBED_FEEDS_WRITE": "false",
            "SYSTEM_ALERT_WINDOW": "false",
            "UPDATE_DEVICE_STATS": "false",
            "USE_CREDENTIALS": "false",
            "USE_FINGERPRINT": "false",
            "USE_SIP": "false",
            "VIBRATE": "false",
            "WAKE_LOCK": "false",
            "WRITE_APN_SETTINGS": "false",
            "WRITE_CALENDAR": "false",
            "WRITE_CONTACTS": "false",
            "WRITE_EXTERNAL_STORAGE": "false",
            "WRITE_GSERVICES": "false",
            "WRITE_HISTORY_BOOKMARKS": "false",
            "WRITE_SECURE_SETTINGS": "false",
            "WRITE_SETTINGS": "false",
            "WRITE_SMS": "false",
            "WRITE_SYNC_SETTINGS": "false"
        }
    },
    "project.type": "js",
    "projectCloudGuid": "48019e89-fa4b-4d50-ad00-93d0d3c5b356",
    "project_version": "sprint34",
    "prototype": {
        "PublishMode": "public",
        "createdBy": "Hajimalung Baba",
        "createdById": "8b8abb05-9933-4928-8ad3-967c96598584",
        "createdOn": "2017-12-19T04:35:43.814Z",
        "password": "",
        "resourceId": "cf3a9dd4-d920-4b2c-a954-2542bbd3811a",
        "shareGuid": "LU5SG"
    },
    "referenceWidth": "375",
    "registerForDeepLink": {
        "androidwear": false,
        "desktop": false,
        "mobile": false,
        "tablet": false,
        "watch": false
    },
    "sessionmanager": "Http Session Manager",
    "startupformkey": "b6c07b8bb72046eca70d7da263e458c9",
    "studiovizproject": "true",
    "tags": {
        "android": {
            "activity_child_tags": "",
            "activityattrs": "",
            "andapplicationattrs": "",
            "andapplicationtags": "",
            "andmanifesttags": "",
            "manifest_tag_attrs": ""
        },
        "androidwear": {
            "activity_child_tags_andwear": "",
            "activityattrs_andwear": "",
            "andwearapplicationattrs": "",
            "andwearapplicationtags": "",
            "andwearmanifesttags": "",
            "manifest_tag_attrs_andwear": ""
        }
    },
    "vendornamekey": "KonyLabs",
    "win6xj2meonlysupported": "false",
    "win8displaynamekey": "SegmentFeatures",
    "winmangotiletitlekey": "SegmentFeatures",
    "winmobileguidkey": "",
    "wp10displayname": "SegmentFeatures",
    "export.type": "studioviz"
}