{
    "DNDConfig": null,
    "__parentReadjusting__": false,
    "_height_": {
        "type": "string",
        "value": "5%"
    },
    "_left_": {
        "type": "string",
        "value": "2%"
    },
    "_margin_": [
        0,
        0,
        0,
        0
    ],
    "_orientation_": 6,
    "_padding_": [
        0,
        0,
        0,
        0
    ],
    "_percent_": true,
    "_skin_": "s9a2cfbb61094361b708430b40ebe7a8",
    "_width_": {
        "type": "string",
        "value": "10%"
    },
    "allboxes": [],
    "autogrowmode": 0,
    "canUpdateUI": true,
    "centery": {
        "type": "string",
        "value": "5%"
    },
    "children": [
        "imgBack"
    ],
    "clipbounds": true,
    "containerweight": 100,
    "enablescrolling": true,
    "id": "flxBack",
    "ide_onClick": "AS_FlexContainer_g9ae00071531481296886c507f28e56b",
    "info": null,
    "isvisible": true,
    "kuid": "dd3679a26aff44e3b8ee2418753325c3",
    "layouttype": 2,
    "name": "kony.ui.FlexContainer",
    "parent": "frmSwipeToDelete",
    "pf": "frmSwipeToDelete",
    "snapgridsize": 10,
    "snaptogrid": true,
    "wType": "FlexContainer",
    "widgetalignment": 1,
    "zindex": 1
}