{
    "classname": "smsMessage",
    "definitions": {
        "apis": {
            "custom": [
                {
                    "paramList": [],
                    "propertyKey": "reFreshWithRowAnim",
                    "pw": {
                        "displayName": "reFreshWithRowAnim",
                        "uiRepresentation": "Label-Label-Button-Button"
                    },
                    "srcWgtKUID": "e904920eb20e4ae389b017e5990dce85",
                    "type": "event"
                }
            ],
            "passthrough": []
        },
        "events": {
            "custom": [],
            "passthrough": []
        },
        "properties": {
            "custom": [],
            "passthrough": []
        }
    },
    "namespace": "com.samples",
    "version": "1.0.0"
}