{
    "@class": "com.kony.gen.viz.model.container.KVizSegment2",
    "DNDConfig": null,
    "__markedForDelete__": true,
    "__parentReadjusting__": false,
    "_data_": [
        {
            "img": {
                "@class": "com.viz.ide.model.segment.ImageSegmentData",
                "src": "konymp_pl_shoe_1_list.png"
            },
            "img1": {
                "@class": "com.viz.ide.model.segment.ImageSegmentData",
                "src": "konymp_pl_star_active.png"
            },
            "img2": {
                "@class": "com.viz.ide.model.segment.ImageSegmentData",
                "src": "konymp_pl_star_active.png"
            },
            "img3": {
                "@class": "com.viz.ide.model.segment.ImageSegmentData",
                "src": "konymp_pl_star_active.png"
            },
            "img4": {
                "@class": "com.viz.ide.model.segment.ImageSegmentData",
                "src": "konymp_pl_star_active.png"
            },
            "img5": {
                "@class": "com.viz.ide.model.segment.ImageSegmentData",
                "src": "konymp_pl_star_inactive.png"
            },
            "lblCost": {
                "@class": "com.viz.ide.model.segment.SimpleTextSegmentData",
                "text": "$119.95"
            },
            "lblProductName": {
                "@class": "com.viz.ide.model.segment.SimpleTextSegmentData",
                "text": "T-Rock Men's"
            },
            "lblStock": {
                "@class": "com.viz.ide.model.segment.SimpleTextSegmentData",
                "text": "Instock for delivery"
            },
            "productOne": {
                "@class": "com.viz.ide.model.segment.ImageSegmentData",
                "src": "konymp_pl_color7.png"
            },
            "productThree": {
                "@class": "com.viz.ide.model.segment.ImageSegmentData",
                "src": "konymp_pl_color4.png"
            },
            "productTwo": {
                "@class": "com.viz.ide.model.segment.ImageSegmentData",
                "src": "konymp_pl_color5.png"
            }
        },
        {
            "img": {
                "@class": "com.viz.ide.model.segment.ImageSegmentData",
                "src": "konymp_pl_shoe_1_list.png"
            },
            "img1": {
                "@class": "com.viz.ide.model.segment.ImageSegmentData",
                "src": "konymp_pl_star_active.png"
            },
            "img2": {
                "@class": "com.viz.ide.model.segment.ImageSegmentData",
                "src": "konymp_pl_star_active.png"
            },
            "img3": {
                "@class": "com.viz.ide.model.segment.ImageSegmentData",
                "src": "konymp_pl_star_active.png"
            },
            "img4": {
                "@class": "com.viz.ide.model.segment.ImageSegmentData",
                "src": "konymp_pl_star_active.png"
            },
            "img5": {
                "@class": "com.viz.ide.model.segment.ImageSegmentData",
                "src": "konymp_pl_star_inactive.png"
            },
            "lblCost": {
                "@class": "com.viz.ide.model.segment.SimpleTextSegmentData",
                "text": "$119.95"
            },
            "lblProductName": {
                "@class": "com.viz.ide.model.segment.SimpleTextSegmentData",
                "text": "T-Rock Men's"
            },
            "lblStock": {
                "@class": "com.viz.ide.model.segment.SimpleTextSegmentData",
                "text": "Instock for delivery"
            },
            "productOne": {
                "@class": "com.viz.ide.model.segment.ImageSegmentData",
                "src": "konymp_pl_color7.png"
            },
            "productThree": {
                "@class": "com.viz.ide.model.segment.ImageSegmentData",
                "src": "konymp_pl_color4.png"
            },
            "productTwo": {
                "@class": "com.viz.ide.model.segment.ImageSegmentData",
                "src": "konymp_pl_color5.png"
            }
        },
        {
            "img": {
                "@class": "com.viz.ide.model.segment.ImageSegmentData",
                "src": "konymp_pl_shoe_2_list.png"
            },
            "img1": {
                "@class": "com.viz.ide.model.segment.ImageSegmentData",
                "src": "konymp_pl_star_active.png"
            },
            "img2": {
                "@class": "com.viz.ide.model.segment.ImageSegmentData",
                "src": "konymp_pl_star_active.png"
            },
            "img3": {
                "@class": "com.viz.ide.model.segment.ImageSegmentData",
                "src": "konymp_pl_star_active.png"
            },
            "img4": {
                "@class": "com.viz.ide.model.segment.ImageSegmentData",
                "src": "konymp_pl_star_active.png"
            },
            "img5": {
                "@class": "com.viz.ide.model.segment.ImageSegmentData",
                "src": "konymp_pl_star_inactive.png"
            },
            "lblCost": {
                "@class": "com.viz.ide.model.segment.SimpleTextSegmentData",
                "text": "$119.95"
            },
            "lblProductName": {
                "@class": "com.viz.ide.model.segment.SimpleTextSegmentData",
                "text": "T-Rock Men's"
            },
            "lblStock": {
                "@class": "com.viz.ide.model.segment.SimpleTextSegmentData",
                "text": "Instock for delivery"
            },
            "productOne": {
                "@class": "com.viz.ide.model.segment.ImageSegmentData",
                "src": "konymp_pl_color7.png"
            },
            "productThree": {
                "@class": "com.viz.ide.model.segment.ImageSegmentData",
                "src": "konymp_pl_color4.png"
            },
            "productTwo": {
                "@class": "com.viz.ide.model.segment.ImageSegmentData",
                "src": "konymp_pl_color5.png"
            }
        },
        {
            "img": {
                "@class": "com.viz.ide.model.segment.ImageSegmentData",
                "src": "konymp_pl_shoe_1_list.png"
            },
            "img1": {
                "@class": "com.viz.ide.model.segment.ImageSegmentData",
                "src": "konymp_pl_star_active.png"
            },
            "img2": {
                "@class": "com.viz.ide.model.segment.ImageSegmentData",
                "src": "konymp_pl_star_active.png"
            },
            "img3": {
                "@class": "com.viz.ide.model.segment.ImageSegmentData",
                "src": "konymp_pl_star_active.png"
            },
            "img4": {
                "@class": "com.viz.ide.model.segment.ImageSegmentData",
                "src": "konymp_pl_star_active.png"
            },
            "img5": {
                "@class": "com.viz.ide.model.segment.ImageSegmentData",
                "src": "konymp_pl_star_inactive.png"
            },
            "lblCost": {
                "@class": "com.viz.ide.model.segment.SimpleTextSegmentData",
                "text": "$119.95"
            },
            "lblProductName": {
                "@class": "com.viz.ide.model.segment.SimpleTextSegmentData",
                "text": "T-Rock Men's"
            },
            "lblStock": {
                "@class": "com.viz.ide.model.segment.SimpleTextSegmentData",
                "text": "Instock for delivery"
            },
            "productOne": {
                "@class": "com.viz.ide.model.segment.ImageSegmentData",
                "src": "konymp_pl_color7.png"
            },
            "productThree": {
                "@class": "com.viz.ide.model.segment.ImageSegmentData",
                "src": "konymp_pl_color4.png"
            },
            "productTwo": {
                "@class": "com.viz.ide.model.segment.ImageSegmentData",
                "src": "konymp_pl_color5.png"
            }
        },
        {
            "img": {
                "@class": "com.viz.ide.model.segment.ImageSegmentData",
                "src": "konymp_pl_shoe_1_list.png"
            },
            "img1": {
                "@class": "com.viz.ide.model.segment.ImageSegmentData",
                "src": "konymp_pl_star_active.png"
            },
            "img2": {
                "@class": "com.viz.ide.model.segment.ImageSegmentData",
                "src": "konymp_pl_star_active.png"
            },
            "img3": {
                "@class": "com.viz.ide.model.segment.ImageSegmentData",
                "src": "konymp_pl_star_active.png"
            },
            "img4": {
                "@class": "com.viz.ide.model.segment.ImageSegmentData",
                "src": "konymp_pl_star_active.png"
            },
            "img5": {
                "@class": "com.viz.ide.model.segment.ImageSegmentData",
                "src": "konymp_pl_star_inactive.png"
            },
            "lblCost": {
                "@class": "com.viz.ide.model.segment.SimpleTextSegmentData",
                "text": "$119.95"
            },
            "lblProductName": {
                "@class": "com.viz.ide.model.segment.SimpleTextSegmentData",
                "text": "T-Rock Men's"
            },
            "lblStock": {
                "@class": "com.viz.ide.model.segment.SimpleTextSegmentData",
                "text": "Instock for delivery"
            },
            "productOne": {
                "@class": "com.viz.ide.model.segment.ImageSegmentData",
                "src": "konymp_pl_color7.png"
            },
            "productThree": {
                "@class": "com.viz.ide.model.segment.ImageSegmentData",
                "src": "konymp_pl_color4.png"
            },
            "productTwo": {
                "@class": "com.viz.ide.model.segment.ImageSegmentData",
                "src": "konymp_pl_color5.png"
            }
        },
        {
            "img": {
                "@class": "com.viz.ide.model.segment.ImageSegmentData",
                "src": "konymp_pl_shoe_2_list.png"
            },
            "img1": {
                "@class": "com.viz.ide.model.segment.ImageSegmentData",
                "src": "konymp_pl_star_active.png"
            },
            "img2": {
                "@class": "com.viz.ide.model.segment.ImageSegmentData",
                "src": "konymp_pl_star_active.png"
            },
            "img3": {
                "@class": "com.viz.ide.model.segment.ImageSegmentData",
                "src": "konymp_pl_star_active.png"
            },
            "img4": {
                "@class": "com.viz.ide.model.segment.ImageSegmentData",
                "src": "konymp_pl_star_active.png"
            },
            "img5": {
                "@class": "com.viz.ide.model.segment.ImageSegmentData",
                "src": "konymp_pl_star_inactive.png"
            },
            "lblCost": {
                "@class": "com.viz.ide.model.segment.SimpleTextSegmentData",
                "text": "$119.95"
            },
            "lblProductName": {
                "@class": "com.viz.ide.model.segment.SimpleTextSegmentData",
                "text": "T-Rock Men's"
            },
            "lblStock": {
                "@class": "com.viz.ide.model.segment.SimpleTextSegmentData",
                "text": "Instock for delivery"
            },
            "productOne": {
                "@class": "com.viz.ide.model.segment.ImageSegmentData",
                "src": "konymp_pl_color7.png"
            },
            "productThree": {
                "@class": "com.viz.ide.model.segment.ImageSegmentData",
                "src": "konymp_pl_color4.png"
            },
            "productTwo": {
                "@class": "com.viz.ide.model.segment.ImageSegmentData",
                "src": "konymp_pl_color5.png"
            }
        },
        {
            "img": {
                "@class": "com.viz.ide.model.segment.ImageSegmentData",
                "src": "konymp_pl_shoe_1_list.png"
            },
            "img1": {
                "@class": "com.viz.ide.model.segment.ImageSegmentData",
                "src": "konymp_pl_star_active.png"
            },
            "img2": {
                "@class": "com.viz.ide.model.segment.ImageSegmentData",
                "src": "konymp_pl_star_active.png"
            },
            "img3": {
                "@class": "com.viz.ide.model.segment.ImageSegmentData",
                "src": "konymp_pl_star_active.png"
            },
            "img4": {
                "@class": "com.viz.ide.model.segment.ImageSegmentData",
                "src": "konymp_pl_star_active.png"
            },
            "img5": {
                "@class": "com.viz.ide.model.segment.ImageSegmentData",
                "src": "konymp_pl_star_inactive.png"
            },
            "lblCost": {
                "@class": "com.viz.ide.model.segment.SimpleTextSegmentData",
                "text": "$119.95"
            },
            "lblProductName": {
                "@class": "com.viz.ide.model.segment.SimpleTextSegmentData",
                "text": "T-Rock Men's"
            },
            "lblStock": {
                "@class": "com.viz.ide.model.segment.SimpleTextSegmentData",
                "text": "Instock for delivery"
            },
            "productOne": {
                "@class": "com.viz.ide.model.segment.ImageSegmentData",
                "src": "konymp_pl_color7.png"
            },
            "productThree": {
                "@class": "com.viz.ide.model.segment.ImageSegmentData",
                "src": "konymp_pl_color4.png"
            },
            "productTwo": {
                "@class": "com.viz.ide.model.segment.ImageSegmentData",
                "src": "konymp_pl_color5.png"
            }
        },
        {
            "img": {
                "@class": "com.viz.ide.model.segment.ImageSegmentData",
                "src": "konymp_pl_shoe_1_list.png"
            },
            "img1": {
                "@class": "com.viz.ide.model.segment.ImageSegmentData",
                "src": "konymp_pl_star_active.png"
            },
            "img2": {
                "@class": "com.viz.ide.model.segment.ImageSegmentData",
                "src": "konymp_pl_star_active.png"
            },
            "img3": {
                "@class": "com.viz.ide.model.segment.ImageSegmentData",
                "src": "konymp_pl_star_active.png"
            },
            "img4": {
                "@class": "com.viz.ide.model.segment.ImageSegmentData",
                "src": "konymp_pl_star_active.png"
            },
            "img5": {
                "@class": "com.viz.ide.model.segment.ImageSegmentData",
                "src": "konymp_pl_star_inactive.png"
            },
            "lblCost": {
                "@class": "com.viz.ide.model.segment.SimpleTextSegmentData",
                "text": "$119.95"
            },
            "lblProductName": {
                "@class": "com.viz.ide.model.segment.SimpleTextSegmentData",
                "text": "T-Rock Men's"
            },
            "lblStock": {
                "@class": "com.viz.ide.model.segment.SimpleTextSegmentData",
                "text": "Instock for delivery"
            },
            "productOne": {
                "@class": "com.viz.ide.model.segment.ImageSegmentData",
                "src": "konymp_pl_color7.png"
            },
            "productThree": {
                "@class": "com.viz.ide.model.segment.ImageSegmentData",
                "src": "konymp_pl_color4.png"
            },
            "productTwo": {
                "@class": "com.viz.ide.model.segment.ImageSegmentData",
                "src": "konymp_pl_color5.png"
            }
        },
        {
            "img": {
                "@class": "com.viz.ide.model.segment.ImageSegmentData",
                "src": "konymp_pl_shoe_2_list.png"
            },
            "img1": {
                "@class": "com.viz.ide.model.segment.ImageSegmentData",
                "src": "konymp_pl_star_active.png"
            },
            "img2": {
                "@class": "com.viz.ide.model.segment.ImageSegmentData",
                "src": "konymp_pl_star_active.png"
            },
            "img3": {
                "@class": "com.viz.ide.model.segment.ImageSegmentData",
                "src": "konymp_pl_star_active.png"
            },
            "img4": {
                "@class": "com.viz.ide.model.segment.ImageSegmentData",
                "src": "konymp_pl_star_active.png"
            },
            "img5": {
                "@class": "com.viz.ide.model.segment.ImageSegmentData",
                "src": "konymp_pl_star_inactive.png"
            },
            "lblCost": {
                "@class": "com.viz.ide.model.segment.SimpleTextSegmentData",
                "text": "$119.95"
            },
            "lblProductName": {
                "@class": "com.viz.ide.model.segment.SimpleTextSegmentData",
                "text": "T-Rock Men's"
            },
            "lblStock": {
                "@class": "com.viz.ide.model.segment.SimpleTextSegmentData",
                "text": "Instock for delivery"
            },
            "productOne": {
                "@class": "com.viz.ide.model.segment.ImageSegmentData",
                "src": "konymp_pl_color7.png"
            },
            "productThree": {
                "@class": "com.viz.ide.model.segment.ImageSegmentData",
                "src": "konymp_pl_color4.png"
            },
            "productTwo": {
                "@class": "com.viz.ide.model.segment.ImageSegmentData",
                "src": "konymp_pl_color5.png"
            }
        },
        {
            "img": {
                "@class": "com.viz.ide.model.segment.ImageSegmentData",
                "src": "konymp_pl_shoe_1_list.png"
            },
            "img1": {
                "@class": "com.viz.ide.model.segment.ImageSegmentData",
                "src": "konymp_pl_star_active.png"
            },
            "img2": {
                "@class": "com.viz.ide.model.segment.ImageSegmentData",
                "src": "konymp_pl_star_active.png"
            },
            "img3": {
                "@class": "com.viz.ide.model.segment.ImageSegmentData",
                "src": "konymp_pl_star_active.png"
            },
            "img4": {
                "@class": "com.viz.ide.model.segment.ImageSegmentData",
                "src": "konymp_pl_star_active.png"
            },
            "img5": {
                "@class": "com.viz.ide.model.segment.ImageSegmentData",
                "src": "konymp_pl_star_inactive.png"
            },
            "lblCost": {
                "@class": "com.viz.ide.model.segment.SimpleTextSegmentData",
                "text": "$119.95"
            },
            "lblProductName": {
                "@class": "com.viz.ide.model.segment.SimpleTextSegmentData",
                "text": "T-Rock Men's"
            },
            "lblStock": {
                "@class": "com.viz.ide.model.segment.SimpleTextSegmentData",
                "text": "Instock for delivery"
            },
            "productOne": {
                "@class": "com.viz.ide.model.segment.ImageSegmentData",
                "src": "konymp_pl_color7.png"
            },
            "productThree": {
                "@class": "com.viz.ide.model.segment.ImageSegmentData",
                "src": "konymp_pl_color4.png"
            },
            "productTwo": {
                "@class": "com.viz.ide.model.segment.ImageSegmentData",
                "src": "konymp_pl_color5.png"
            }
        },
        {
            "img": {
                "@class": "com.viz.ide.model.segment.ImageSegmentData",
                "src": "konymp_pl_shoe_1_list.png"
            },
            "img1": {
                "@class": "com.viz.ide.model.segment.ImageSegmentData",
                "src": "konymp_pl_star_active.png"
            },
            "img2": {
                "@class": "com.viz.ide.model.segment.ImageSegmentData",
                "src": "konymp_pl_star_active.png"
            },
            "img3": {
                "@class": "com.viz.ide.model.segment.ImageSegmentData",
                "src": "konymp_pl_star_active.png"
            },
            "img4": {
                "@class": "com.viz.ide.model.segment.ImageSegmentData",
                "src": "konymp_pl_star_active.png"
            },
            "img5": {
                "@class": "com.viz.ide.model.segment.ImageSegmentData",
                "src": "konymp_pl_star_inactive.png"
            },
            "lblCost": {
                "@class": "com.viz.ide.model.segment.SimpleTextSegmentData",
                "text": "$119.95"
            },
            "lblProductName": {
                "@class": "com.viz.ide.model.segment.SimpleTextSegmentData",
                "text": "T-Rock Men's"
            },
            "lblStock": {
                "@class": "com.viz.ide.model.segment.SimpleTextSegmentData",
                "text": "Instock for delivery"
            },
            "productOne": {
                "@class": "com.viz.ide.model.segment.ImageSegmentData",
                "src": "konymp_pl_color7.png"
            },
            "productThree": {
                "@class": "com.viz.ide.model.segment.ImageSegmentData",
                "src": "konymp_pl_color4.png"
            },
            "productTwo": {
                "@class": "com.viz.ide.model.segment.ImageSegmentData",
                "src": "konymp_pl_color5.png"
            }
        },
        {
            "img": {
                "@class": "com.viz.ide.model.segment.ImageSegmentData",
                "src": "konymp_pl_shoe_2_list.png"
            },
            "img1": {
                "@class": "com.viz.ide.model.segment.ImageSegmentData",
                "src": "konymp_pl_star_active.png"
            },
            "img2": {
                "@class": "com.viz.ide.model.segment.ImageSegmentData",
                "src": "konymp_pl_star_active.png"
            },
            "img3": {
                "@class": "com.viz.ide.model.segment.ImageSegmentData",
                "src": "konymp_pl_star_active.png"
            },
            "img4": {
                "@class": "com.viz.ide.model.segment.ImageSegmentData",
                "src": "konymp_pl_star_active.png"
            },
            "img5": {
                "@class": "com.viz.ide.model.segment.ImageSegmentData",
                "src": "konymp_pl_star_inactive.png"
            },
            "lblCost": {
                "@class": "com.viz.ide.model.segment.SimpleTextSegmentData",
                "text": "$119.95"
            },
            "lblProductName": {
                "@class": "com.viz.ide.model.segment.SimpleTextSegmentData",
                "text": "T-Rock Men's"
            },
            "lblStock": {
                "@class": "com.viz.ide.model.segment.SimpleTextSegmentData",
                "text": "Instock for delivery"
            },
            "productOne": {
                "@class": "com.viz.ide.model.segment.ImageSegmentData",
                "src": "konymp_pl_color7.png"
            },
            "productThree": {
                "@class": "com.viz.ide.model.segment.ImageSegmentData",
                "src": "konymp_pl_color4.png"
            },
            "productTwo": {
                "@class": "com.viz.ide.model.segment.ImageSegmentData",
                "src": "konymp_pl_color5.png"
            }
        }
    ],
    "_height_": {
        "type": "string",
        "value": "190%"
    },
    "_indicator_": "none",
    "_left_": {
        "type": "string",
        "value": "50%"
    },
    "_margin_": [
        0,
        0,
        0,
        0
    ],
    "_orientation_": 2,
    "_padding_": [
        0,
        0,
        0,
        0
    ],
    "_top_": {
        "type": "string",
        "value": "0%"
    },
    "_width_": {
        "type": "string",
        "value": "50%"
    },
    "autogrowmode": 0,
    "canUpdateUI": true,
    "containerweight": 100,
    "counter": "011",
    "focusedindex": null,
    "focuseditem": null,
    "groupcells": false,
    "hasSections": false,
    "id": "segData2",
    "info": null,
    "ipad": {
        "psp": {
            "indicator": "rowselect"
        }
    },
    "iphone": {
        "psp": {
            "indicator": "rowselect"
        }
    },
    "isvisible": true,
    "kuid": "baf734ee09a54546b3578b262dc19e01",
    "masterdata": {},
    "name": "kony.ui.SegmentedUI2",
    "needpageindicator": true,
    "pageoffdotimage": "pageoffdot.png",
    "pageondotimage": "pageondot.png",
    "paginationconfig": {
        "position": "bottom"
    },
    "parent": "flxSegments",
    "pf": "frmCoupledSegments",
    "retainselection": false,
    "rowTemplateId": "f1a2ebff7c8540c9b50b65ec34094852",
    "rowcounter": 11,
    "rowfocusskin": "sf1c341739a7493eaebad778f38fc7f2",
    "rowskin": "sae225df84c54aa889b4c89152b10a9f",
    "rowtemplate": "flxProductRowMini",
    "screenlevelwidget": false,
    "seccounter": 0,
    "sectionheaderskin": "scff7a9efe5a4878be3c0f5b53dafc49",
    "selectedRows": null,
    "selectedState": false,
    "selectedindex": null,
    "selectedindices": null,
    "selecteditems": null,
    "selectedsectionindex": 0,
    "selectionbehavior": "default",
    "separatorcolor": "64646400",
    "separatorrequired": true,
    "separatorthickness": 1,
    "showscrollbars": false,
    "viewtype": "tableview",
    "wType": "Segment",
    "widgetalignment": 5,
    "widgetdatamap": {
        "flxImg": "flxImg",
        "flxImgMain": "flxImgMain",
        "flxProColors": "flxProColors",
        "flxProDetails": "flxProDetails",
        "flxProductRowMini": "flxProductRowMini",
        "flxProductWrapper": "flxProductWrapper",
        "img": "img",
        "img1": "img1",
        "img2": "img2",
        "img3": "img3",
        "img4": "img4",
        "img5": "img5",
        "lblCost": "lblCost",
        "lblProductName": "lblProductName",
        "lblStock": "lblStock",
        "productOne": "productOne",
        "productThree": "productThree",
        "productTwo": "productTwo"
    },
    "zindex": 1
}