{
    "DNDConfig": null,
    "__markedForDelete__": true,
    "__parentReadjusting__": false,
    "_height_": {
        "type": "string",
        "value": "100%"
    },
    "_left_": {
        "type": "string",
        "value": "0%"
    },
    "_margin_": [
        0,
        0,
        0,
        0
    ],
    "_orientation_": 6,
    "_padding_": [
        0,
        0,
        0,
        0
    ],
    "_percent_": true,
    "_skin_": "s9a2cfbb61094361b708430b40ebe7a8",
    "_width_": {
        "type": "string",
        "value": "14%"
    },
    "allboxes": [],
    "autogrowmode": 0,
    "canUpdateUI": true,
    "centery": {
        "type": "string",
        "value": "50%"
    },
    "children": [
        "imgDelRow"
    ],
    "clipbounds": true,
    "containerId": true,
    "containerweight": 100,
    "enablescrolling": true,
    "id": "flxDelRow",
    "ide_onClick": "AS_FlexContainer_g3b73636d7ac4453b29f45819c194fa0",
    "info": null,
    "isvisible": true,
    "kuid": "b955f26d39cf46f3bf23f5eebf8cb7af",
    "layouttype": 2,
    "name": "kony.ui.FlexContainer",
    "parent": "flxTempWrap",
    "pf": "tempSmsBkp",
    "snapgridsize": 10,
    "snaptogrid": true,
    "wType": "FlexContainer",
    "widgetalignment": 1,
    "zindex": 1
}