{
    "DNDConfig": null,
    "_height_": {
        "type": "string",
        "value": "90dp"
    },
    "_margin_": [
        0,
        0,
        0,
        0
    ],
    "_orientation_": 6,
    "_padding_": [
        0,
        0,
        0,
        0
    ],
    "_percent_": true,
    "_skin_": "sd4c01c7fc9f438fa889cd0fa6c0a9c4",
    "allboxes": [],
    "autogrowmode": 0,
    "canUpdateUI": true,
    "children": [
        "flxTempWrap"
    ],
    "clipbounds": true,
    "containerId": true,
    "containerweight": 100,
    "controllerInfo": {
        "default": {
            "channel": "mobile",
            "name": "flxSmsMsgBkpController"
        }
    },
    "enablescrolling": true,
    "id": "flxSmsMsgBkp",
    "info": null,
    "isTemplate": true,
    "isvisible": true,
    "kuid": "bed50cf9459a4be9ab600209fbaaec07",
    "layouttype": 2,
    "name": "kony.ui.FlexContainer",
    "parent": "tempSmsBkp",
    "pf": "tempSmsBkp",
    "snapgridsize": 10,
    "snaptogrid": true,
    "wType": "FlexContainer",
    "widgetalignment": 1
}