{
    "@class": "com.kony.gen.viz.model.component.KVizImage2",
    "DNDConfig": null,
    "__markedForDelete__": true,
    "__parentReadjusting__": false,
    "_base64_": null,
    "_height_": {
        "type": "string",
        "value": "120%"
    },
    "_margin_": [
        0,
        0,
        0,
        0
    ],
    "_padding_": [
        0,
        0,
        0,
        0
    ],
    "_skin_": "s42ac64d7de74abe90f6820b6c8fa130",
    "_src_": "mark_read.png",
    "_width_": {
        "type": "string",
        "value": "120%"
    },
    "canUpdateUI": true,
    "centerx": {
        "type": "string",
        "value": "50%"
    },
    "centery": {
        "type": "string",
        "value": "50%"
    },
    "containerId": true,
    "containerweight": 100,
    "context": {
        "channel": "mobile",
        "platform": "android",
        "templateType": "segments",
        "topLevelBox": null
    },
    "id": "imgMarkRead",
    "imagescalemode": 0,
    "info": null,
    "invokedProperty": "src",
    "isvisible": true,
    "kuid": "d0ebf9c3ed3546f691ccd08be2f0afd7",
    "name": "kony.ui.Image2",
    "parent": "flxMarkRead",
    "pf": "tempSmsBkp",
    "srcType": 1,
    "wType": "Image",
    "widgetalignment": 5,
    "zindex": 1
}