{
    "@class": "com.kony.gen.viz.model.component.KVizLabel",
    "DNDConfig": null,
    "__markedForDelete__": true,
    "__parentReadjusting__": false,
    "_height_": {
        "type": "ref",
        "value": "preferred"
    },
    "_left_": {
        "type": "string",
        "value": "5%"
    },
    "_margin_": [
        1,
        1,
        1,
        1
    ],
    "_padding_": [
        0,
        0,
        0,
        2
    ],
    "_skin_": "sa2719301700415dbcd71a1d458556ca",
    "_text_": "Instock for delivery",
    "_top_": {
        "type": "string",
        "value": "1dp"
    },
    "_width_": {
        "type": "ref",
        "value": "preferred"
    },
    "_wrapping_": 2,
    "android": {
        "textStyle": {
            "letterSpacing": 0,
            "strikeThrough": false
        }
    },
    "canUpdateUI": true,
    "containerId": true,
    "containerweight": 100,
    "contentalignment": 4,
    "id": "lblStock",
    "info": null,
    "ipad": {
        "psp": {
            "wrapping": 2
        }
    },
    "iphone": {
        "psp": {
            "wrapping": 2
        }
    },
    "isvisible": true,
    "kuid": "e23a9232c9904f21af350f61d3e8d75a",
    "name": "kony.ui.Label",
    "paddinginpixel": false,
    "parent": "flxPro",
    "pf": "tempProductList",
    "tooltip": "",
    "wType": "Label",
    "zindex": 1
}