{
    "DNDConfig": null,
    "_height_": {
        "type": "ref",
        "value": "preferred"
    },
    "_margin_": [
        0,
        0,
        0,
        0
    ],
    "_orientation_": 6,
    "_padding_": [
        0,
        0,
        0,
        0
    ],
    "_percent_": true,
    "_skin_": "s32cfcd503c644a88f6fc83b15f75e77",
    "allboxes": [],
    "autogrowmode": 1,
    "canUpdateUI": true,
    "children": [
        "flxProductWrapper",
        "lblDetails"
    ],
    "clipbounds": true,
    "containerId": true,
    "containerweight": 100,
    "controllerInfo": {
        "default": {
            "channel": "mobile",
            "name": "flxProductRowController"
        }
    },
    "enablescrolling": true,
    "id": "flxProductRow",
    "info": null,
    "isTemplate": true,
    "isvisible": true,
    "kuid": "hfb298ac293544d7b96c248d3a7a0635",
    "layouttype": 4,
    "name": "kony.ui.FlexContainer",
    "parent": "tempProductList",
    "pf": "tempProductList",
    "snapgridsize": 10,
    "snaptogrid": true,
    "wType": "FlexContainer",
    "widgetalignment": 1
}